date,stayover_1_day,stayover_2_3_days,stayover_4_7_days,stayover_8_14_days,stayover_15_21_days,stayover_22_28_days,stayover_29_182_days,stayover_total
2010-01-01,,,,,,,,48336
2010-02-01,,,,,,,,48585
2010-03-01,,,,,,,,51570
2010-04-01,,,,,,,,41357
2010-05-01,,,,,,,,46813
2010-06-01,,,,,,,,35179
2010-07-01,,,,,,,,51499
2010-08-01,,,,,,,,41882
2010-09-01,,,,,,,,30065
2010-10-01,,,,,,,,39030
2010-11-01,,,,,,,,44838
2010-12-01,,,,,,,,53026
2011-01-01,,,,,,,,52194
2011-02-01,,,,,,,,51793
2011-03-01,,,,,,,,53257
2011-04-01,,,,,,,,51442
2011-05-01,,,,,,,,41699
2011-06-01,,,,,,,,38490
2011-07-01,,,,,,,,58237
2011-08-01,,,,,,,,49961
2011-09-01,,,,,,,,29144
2011-10-01,,,,,,,,39358
2011-11-01,,,,,,,,47208
2011-12-01,,,,,,,,54941
2012-01-01,,,,,,,,52619
2012-02-01,,,,,,,,54056
2012-03-01,,,,,,,,54164
2012-04-01,,,,,,,,47979
2012-05-01,,,,,,,,37935
2012-06-01,,,,,,,,36656
2012-07-01,,,,,,,,51253
2012-08-01,,,,,,,,43191
2012-09-01,,,,,,,,27230
2012-10-01,,,,,,,,36071
2012-11-01,,,,,,,,42975
2012-12-01,,,,,,,,52174
2013-01-01,,,,,,,,48288
2013-02-01,,,,,,,,48870
2013-03-01,,,,,,,,53304
2013-04-01,,,,,,,,42234
2013-05-01,,,,,,,,37906
2013-06-01,,,,,,,,33691
2013-07-01,,,,,,,,47935
2013-08-01,,,,,,,,40667
2013-09-01,,,,,,,,26970
2013-10-01,,,,,,,,34938
2013-11-01,,,,,,,,42690
2013-12-01,,,,,,,,51026
2014-01-01,,,,,,,,50122
2014-02-01,,,,,,,,48143
2014-03-01,,,,,,,,50321
2014-04-01,,,,,,,,43262
2014-05-01,,,,,,,,38437
2014-06-01,,,,,,,,34130
2014-07-01,,,,,,,,47315
2014-08-01,,,,,,,,38655
2014-09-01,,,,,,,,26329
2014-10-01,,,,,,,,35792
2014-11-01,,,,,,,,46002
2014-12-01,,,,,,,,61091
2015-01-01,6475.0,5509.0,15498.0,17906.0,4181.0,1308.0,5248.0,56125
2015-02-01,6110.0,5532.0,19797.0,19104.0,3575.0,1132.0,2539.0,57789
2015-03-01,5273.0,5599.0,20651.0,20063.0,3127.0,740.0,1932.0,57385
2015-04-01,4354.0,4265.0,19873.0,18439.0,2594.0,532.0,1659.0,51716
2015-05-01,3861.0,4317.0,15803.0,12846.0,2009.0,441.0,1716.0,40993
2015-06-01,4056.0,4408.0,14943.0,11816.0,1849.0,440.0,2175.0,39687
2015-07-01,4575.0,3769.0,15909.0,18708.0,5415.0,1662.0,3926.0,53964
2015-08-01,4146.0,3433.0,14332.0,14474.0,3296.0,664.0,2582.0,42927
2015-09-01,3746.0,3562.0,11875.0,9441.0,1411.0,366.0,1752.0,32153
2015-10-01,4052.0,4510.0,15412.0,13218.0,2087.0,474.0,1935.0,41688
2015-11-01,5252.0,5632.0,19133.0,17041.0,2736.0,645.0,2548.0,52987
2015-12-01,6527.0,5338.0,17796.0,22734.0,6267.0,1659.0,4137.0,64458
2016-01-01,7036.0,6097.0,18239.0,19886.0,4182.0,1427.0,5471.0,62338
2016-02-01,5801.0,5828.0,22082.0,19983.0,3721.0,996.0,2558.0,60969
2016-03-01,5304.0,5768.0,21989.0,21352.0,3533.0,602.0,2053.0,60601
2016-04-01,4703.0,4925.0,19680.0,15477.0,2162.0,496.0,1805.0,49248
2016-05-01,4276.0,5115.0,18440.0,13052.0,2005.0,406.0,1641.0,44935
2016-06-01,4117.0,4761.0,16249.0,12525.0,2082.0,528.0,2303.0,42565
2016-07-01,4567.0,4153.0,17757.0,19596.0,5115.0,1534.0,3948.0,56670
2016-08-01,4570.0,3811.0,15024.0,14678.0,3221.0,825.0,2678.0,44807
2016-09-01,4115.0,4135.0,13568.0,9649.0,1514.0,402.0,2154.0,35537
2016-10-01,4255.0,4635.0,17075.0,13099.0,1770.0,417.0,2147.0,43398
2016-11-01,5957.0,6359.0,19971.0,21312.0,4446.0,1096.0,3661.0,62802
2016-12-01,7019.0,5630.0,19914.0,23114.0,6517.0,1638.0,3811.0,67643
2017-01-01,6867.0,5951.0,19505.0,18983.0,4156.0,1345.0,5411.0,62218
2017-02-01,6105.0,5980.0,23700.0,20251.0,3357.0,1194.0,2498.0,63085
2017-03-01,6024.0,7305.0,25589.0,20929.0,3107.0,799.0,1972.0,65725
2017-04-01,5061.0,5197.0,25576.0,19341.0,2618.0,561.0,1818.0,60172
2017-05-01,4152.0,5258.0,20185.0,14657.0,2120.0,471.0,1799.0,48642
2017-06-01,4041.0,4834.0,18654.0,12709.0,2021.0,435.0,2263.0,44957
2017-07-01,4307.0,4233.0,17372.0,18025.0,5337.0,1473.0,4113.0,54860
2017-08-01,4051.0,3872.0,19674.0,18137.0,3275.0,691.0,2237.0,51937
2017-09-01,4617.0,3769.0,12166.0,9503.0,1493.0,411.0,2388.0,34347
2017-10-01,4353.0,4760.0,17928.0,13407.0,1957.0,499.0,2283.0,45187
2017-11-01,6620.0,6270.0,21272.0,17171.0,2944.0,684.0,2730.0,57691
2017-12-01,8311.0,6199.0,21083.0,24153.0,6705.0,1680.0,4208.0,72339
2018-01-01,7696.0,6328.0,20699.0,20088.0,4275.0,1389.0,5495.0,65970
2018-02-01,7491.0,5949.0,24341.0,21395.0,3716.0,1275.0,2749.0,66916
2018-03-01,7326.0,6859.0,26467.0,23643.0,3471.0,715.0,1964.0,70445
2018-04-01,5289.0,5981.0,24088.0,17142.0,2302.0,507.0,1745.0,57054
2018-05-01,4589.0,5262.0,21736.0,14672.0,1971.0,417.0,1608.0,50255
2018-06-01,4754.0,4841.0,19128.0,13101.0,1754.0,502.0,2254.0,46334
2018-07-01,5073.0,3935.0,18021.0,18196.0,5039.0,1584.0,3775.0,55623
2018-08-01,4490.0,4341.0,20244.0,16700.0,3233.0,661.0,2326.0,51995
2018-09-01,3867.0,4167.0,13910.0,9487.0,1608.0,404.0,2316.0,35759
2018-10-01,4681.0,4984.0,18910.0,13424.0,1872.0,472.0,2176.0,46519
2018-11-01,6316.0,6225.0,22456.0,18543.0,2781.0,678.0,2658.0,59657
2018-12-01,7232.0,5429.0,22276.0,25542.0,6248.0,1709.0,4515.0,72951
2019-01-01,7896.0,6295.0,21744.0,21849.0,4074.0,1321.0,6317.0,69496
2019-02-01,6731.0,5954.0,26283.0,21979.0,3436.0,1240.0,2986.0,68609
2019-03-01,7019.0,7248.0,28930.0,21573.0,2954.0,711.0,2234.0,70669
2019-04-01,5165.0,6037.0,26492.0,20044.0,2918.0,542.0,2166.0,63364
2019-05-01,4165.0,5097.0,22624.0,14043.0,1748.0,422.0,2618.0,50717
2019-06-01,4057.0,4510.0,23010.0,13785.0,1792.0,432.0,2574.0,50160
2019-07-01,4804.0,4755.0,21849.0,19245.0,4557.0,1299.0,3739.0,60248
2019-08-01,3750.0,3852.0,19034.0,17046.0,2934.0,684.0,3457.0,50757
2019-09-01,3180.0,4005.0,15174.0,10060.0,1398.0,315.0,2729.0,36861
2019-10-01,,,,,,,,52400
2019-11-01,,,,,,,,63311
2019-12-01,,,,,,,,76354
2020-01-01,3856.0,4787.0,20598.0,19189.0,4253.0,2121.0,4768.0,59572
2020-02-01,4350.0,6688.0,23148.0,20056.0,6071.0,889.0,1922.0,63124
2020-03-01,1920.0,2236.0,9071.0,7787.0,4565.0,4198.0,1375.0,31152
2020-04-01,72.0,30.0,0.0,0.0,34.0,0.0,0.0,136
2020-05-01,273.0,50.0,12.0,0.0,5.0,3.0,3.0,346
2020-06-01,412.0,61.0,7.0,3.0,9.0,1.0,1.0,494
2020-07-01,281.0,178.0,172.0,448.0,333.0,170.0,474.0,2056
2020-08-01,679.0,421.0,732.0,2136.0,810.0,526.0,798.0,6102
2020-09-01,551.0,229.0,541.0,1605.0,748.0,218.0,975.0,4867
2020-10-01,470.0,268.0,405.0,472.0,234.0,80.0,460.0,2389
2020-11-01,644.0,431.0,1266.0,1326.0,791.0,398.0,1813.0,6669
2020-12-01,1323.0,675.0,2086.0,6164.0,3350.0,1342.0,3255.0,18195
2021-01-01,649.0,151.0,614.0,719.0,809.0,117.0,488.0,3547
2021-02-01,612.0,112.0,93.0,258.0,211.0,100.0,494.0,1880
2021-03-01,390.0,181.0,188.0,198.0,337.0,139.0,336.0,1769
2021-04-01,431.0,211.0,302.0,264.0,289.0,189.0,179.0,1865
2021-05-01,323.0,205.0,983.0,702.0,343.0,102.0,704.0,3362
2021-06-01,517.0,419.0,2240.0,1546.0,733.0,236.0,757.0,6448
2021-07-01,599.0,405.0,3756.0,3922.0,1427.0,434.0,981.0,11524
2021-08-01,687.0,505.0,3603.0,7335.0,2250.0,286.0,954.0,15620
2021-09-01,866.0,790.0,4664.0,6268.0,1953.0,422.0,2246.0,17209
2021-10-01,682.0,717.0,6405.0,8098.0,1155.0,312.0,1135.0,18504
2021-11-01,783.0,1000.0,7994.0,10314.0,1755.0,502.0,1401.0,23749
2021-12-01,2599.0,2116.0,10305.0,15522.0,4545.0,1358.0,2911.0,39356
2022-01-01,8909.0,3611.0,10910.0,16395.0,3397.0,1172.0,4454.0,48848
2022-02-01,9328.0,4127.0,16555.0,18097.0,3168.0,1119.0,2213.0,54607
2022-03-01,9246.0,5289.0,18512.0,21767.0,3455.0,767.0,1692.0,60728
2022-04-01,4450.0,4150.0,17817.0,16469.0,2381.0,507.0,1285.0,47059
2022-05-01,2213.0,2906.0,13660.0,10996.0,1662.0,452.0,2060.0,33949
2022-06-01,2146.0,2759.0,14567.0,9549.0,1673.0,492.0,1577.0,32763
2022-07-01,2154.0,2692.0,15099.0,13123.0,3155.0,954.0,2200.0,39377
2022-08-01,2367.0,2771.0,13660.0,10813.0,2227.0,621.0,1870.0,34329
2022-09-01,2326.0,3021.0,11319.0,8386.0,1272.0,363.0,2160.0,28847
2022-10-01,2321.0,3278.0,14408.0,11357.0,1539.0,437.0,1457.0,34797
2022-11-01,7411.0,5273.0,16826.0,18570.0,2900.0,743.0,2232.0,53955
2022-12-01,11252.0,5784.0,17899.0,24027.0,6112.0,1778.0,3635.0,70487
2023-01-01,13016.0,6606.0,18407.0,21734.0,3956.0,1442.0,5429.0,70590
2023-02-01,11844.0,6216.0,19212.0,20995.0,3390.0,1200.0,2138.0,64995
2023-03-01,12240.0,7334.0,18889.0,20086.0,3017.0,700.0,1466.0,63732
2023-04-01,3697.0,4761.0,18539.0,14566.0,2001.0,438.0,1194.0,45196
2023-05-01,2788.0,3661.0,17207.0,13851.0,2094.0,569.0,2595.0,42765
2023-06-01,2632.0,4708.0,15853.0,9771.0,1739.0,382.0,1585.0,36670
2023-07-01,2931.0,4289.0,17468.0,13820.0,3524.0,1321.0,2788.0,46141
2023-08-01,4522.0,4711.0,19566.0,13568.0,2583.0,612.0,1868.0,47430
2023-09-01,3156.0,4753.0,13597.0,8508.0,1384.0,378.0,2196.0,33972
2023-10-01,2840.0,4729.0,19062.0,12641.0,1751.0,443.0,1844.0,43310
2023-11-01,11059.0,6078.0,21387.0,19913.0,3175.0,815.0,2473.0,64900
2023-12-01,7621.0,5513.0,24705.0,26875.0,6364.0,1753.0,4008.0,76839
2024-01-01,12592.0,6026.0,21319.0,22077.0,4212.0,1435.0,6032.0,73693
2024-02-01,11773.0,6132.0,26389.0,22609.0,3480.0,1148.0,2479.0,74010
2024-03-01,12157.0,7088.0,30833.0,25104.0,3488.0,788.0,1667.0,81125
2024-04-01,3131.0,5593.0,25476.0,15892.0,2206.0,510.0,1363.0,54171
2024-05-01,2045.0,5728.0,24395.0,13047.0,1906.0,420.0,2141.0,49682
2024-06-01,2659.0,7172.0,24412.0,11038.0,1893.0,446.0,1696.0,49316
2024-07-01,2745.0,4657.0,20127.0,14588.0,3767.0,1075.0,2842.0,49801
2024-08-01,2502.0,4791.0,21619.0,12286.0,2452.0,628.0,1815.0,46093
2024-09-01,1571.0,4138.0,13709.0,8727.0,1254.0,349.0,2034.0,31782
2024-10-01,1906.0,5032.0,19999.0,12657.0,1731.0,475.0,1756.0,43556
2024-11-01,7971.0,7301.0,23821.0,18957.0,2779.0,825.0,2345.0,63999
2024-12-01,8529.0,7276.0,30200.0,27476.0,6897.0,2072.0,4662.0,87112
2025-01-01,9267.0,7406.0,25614.0,23711.0,4165.0,1556.0,6248.0,77967
2025-02-01,8795.0,7320.0,30452.0,24922.0,3848.0,1360.0,2709.0,79406
2025-03-01,8014.0,8155.0,32261.0,22691.0,2903.0,843.0,2071.0,76938
2025-04-01,2658.0,6083.0,30207.0,18929.0,2548.0,552.0,1485.0,62462
2025-05-01,2061.0,6384.0,24408.0,12756.0,1785.0,467.0,2100.0,49961
2025-06-01,2092.0,5613.0,24727.0,11529.0,1805.0,516.0,1659.0,47941
2025-07-01,2476.0,5424.0,26286.0,15988.0,4021.0,1366.0,3284.0,58845
2025-08-01,1628.0,5154.0,23343.0,14672.0,2589.0,668.0,2281.0,50335
2025-09-01,2076.0,4573.0,14782.0,8546.0,1403.0,366.0,2296.0,34042
2025-10-01,2207.0,4783.0,20872.0,12843.0,1724.0,495.0,1889.0,44813
