date,gt_restaurants_bb,gt_bitcoin_bb,gt_flights_london_bb,gt_apartment_rent_bb,gt_toyota_bb,gt_suzuki_bb,gt_massy_bb,gt_pricesmart_bb,gt_crop_over_bb,gt_barbados_beaches_bb,gt_flights_miami_bb,gt_supermarkets_bb,gt_beachfront_hotel_bb,gt_rum_bb,gt_supermarkets_barbados_bb,gt_barbados_flights_worldwide,gt_barbados_rental_car_worldwide,gt_barbados_what_to_do_worldwide,gt_resorts_barbados_worldwide,gt_cruise_barbados_worldwide,gt_barbados_tours_worldwide,gt_barbados_carnival_worldwide,gt_barbados_crop_over_worldwide,gt_barbados_real_estate_worldwide,gt_barbados_hotels_worldwide,gt_barbados_all_inclusive_worldwide,gt_barbados_beaches_worldwide,gt_supermarkets_barbados_worldwide,gt_all_inclusive_hotel_barbados_worldwide,gt_barbados_airbnb_worldwide
2004-01-01,,,,,,,,,,,,,,,,79,,,92,56,100,,,98,100,44,100,,,
2004-02-01,,,,,,,,,,,,,,,,71,,,64,,,,,48,93,26,,,,
2004-03-01,,,,,,,,,,,,,,,,69,,,43,,,,,81,82,31,60,,,
2004-04-01,,,,,,,,,,,,,,,,76,,,66,,,,,100,67,26,84,,,
2004-05-01,,,,,100,,,,,,,,,,,51,,,58,,41,,,58,51,32,71,,100,
2004-06-01,,,,,53,,,,,,,,,,,61,62,,38,,,,,40,52,24,51,,,
2004-07-01,,,,,68,,,,,,,,,,,67,100,,36,,,,,65,60,32,45,,,
2004-08-01,,,,,,,,,,,,,,,,76,,,39,43,,,,44,59,30,,100,,
2004-09-01,,,,,61,,,,,,,,,,,65,,,45,,,31,,54,58,,41,,,
2004-10-01,,,,,78,,,,,,,,,,,57,,,62,,39,,,66,68,30,46,,,
2004-11-01,,,,,,,,,,,,,,,,59,90,,50,,40,,,58,61,20,,,,
2004-12-01,,,,,71,,,100,,,,,,,,75,74,,53,36,41,,,48,66,21,45,,,
2005-01-01,,,,,66,,,,,,,,,,,100,57,,92,47,35,,,76,78,51,53,,,
2005-02-01,,,,,88,,,,,,,,,,,77,67,,69,42,62,,,31,62,46,68,,,
2005-03-01,,,,,51,,,,,,,,,,,63,61,,69,28,,,,52,55,31,54,,,
2005-04-01,,,,,66,,,,,,,,,,,60,,,42,33,,23,,62,55,31,47,,,
2005-05-01,,,,,62,96,,,,,,,,,,57,,,70,36,37,,,34,48,32,69,,,
2005-06-01,,,,,80,,,,,,,,,,,55,51,,42,23,,20,54,55,42,22,46,,,
2005-07-01,,,,,68,,,,,,,,,,,62,50,,47,36,33,,58,47,57,26,41,,,
2005-08-01,,,,,65,,,,,,,,,,,63,,,49,35,,,52,61,59,28,67,,,
2005-09-01,,,,,29,,,,,,,,,,,55,,,53,31,23,,51,28,48,27,23,,,
2005-10-01,,,,,27,,,,,,,,,,,68,,,43,28,,,,38,45,27,39,,,
2005-11-01,,,100,,34,,,,,,,,,,,54,44,,55,35,24,,,43,46,34,31,,,
2005-12-01,,,,,,,,,,,,,,,,58,,,47,38,,,,50,46,19,24,,,
2006-01-01,,,,,40,,,,,,,,,,,95,52,,83,64,42,22,,45,75,46,59,,,
2006-02-01,,,,,50,,,,,,,,,,,75,40,,51,35,33,16,,52,63,37,22,,,
2006-03-01,,,,,48,,,,,,,,,,,70,,,53,33,22,19,,58,59,30,52,,,
2006-04-01,75,,,,21,,,,,,,,,,,62,,,48,24,21,,,68,38,29,44,,,
2006-05-01,,,,,35,100,,,,,,,,,,64,32,,45,21,,18,,33,40,31,24,,,
2006-06-01,,,,,39,60,,,,,,,,,,51,39,,45,29,19,19,31,24,41,36,41,,,
2006-07-01,,,,,36,,,,,,,,,,,72,44,,58,27,26,,42,40,51,35,24,,,
2006-08-01,,,,,23,,,,81,,,,,,,70,37,20,48,34,,15,41,54,44,34,28,,,
2006-09-01,,,,,50,43,,,,,,,,,,64,,,50,26,15,,,43,42,37,26,,,
2006-10-01,,,,,34,52,,,,,,,86,,,61,,,45,27,24,,,33,48,26,37,,,
2006-11-01,75,,,,28,,,,,,,,,,,59,24,,39,33,19,,,42,46,27,28,,,
2006-12-01,100,,,,20,,,,,,,,,,,57,38,,49,30,20,,,31,44,25,34,,,
2007-01-01,,,,,39,35,,,,,,,,,,84,42,,81,47,32,15,,45,67,44,41,,,
2007-02-01,,,,,34,40,,,,,,,,,,72,31,,61,37,23,,,52,56,36,49,,,
2007-03-01,,,,,35,57,,,,,,,,,,68,52,,56,44,15,15,,47,51,26,42,,,
2007-04-01,,,,,33,,,,,,,,,,,72,35,,47,28,17,13,25,52,47,35,33,,,
2007-05-01,,,,,36,,,,,,,,100,,,57,26,,40,21,24,10,24,37,38,22,28,,,
2007-06-01,,,,,41,36,,,55,,,,,,,59,23,,45,31,12,8,25,43,41,27,33,,,
2007-07-01,,,,,25,,,,46,,,,,,,61,21,,62,26,24,9,35,32,47,33,37,,,
2007-08-01,,,,,31,29,,,61,,,,,,,64,37,13,45,32,16,15,43,42,44,27,26,,,
2007-09-01,,,,,42,25,,,,,,,,,,60,21,,38,27,17,10,,36,38,22,33,,,
2007-10-01,,,,,42,38,,,,,,,,,,55,31,,37,33,22,10,,33,38,24,30,,,
2007-11-01,,,,,32,29,,,,,,,,,,51,36,,33,32,20,10,15,42,32,16,38,,,
2007-12-01,,,,,27,35,,,,,,,,,,50,36,15,36,35,19,14,16,29,32,18,26,,,
2008-01-01,,,,,24,24,,,,,,,,,,92,42,11,71,62,21,19,13,44,64,43,57,,,
2008-02-01,,,,,32,26,,,,,,,,,,68,40,10,44,48,23,19,17,39,47,34,44,,,
2008-03-01,,,,,26,21,,,,,,,,,,58,36,13,52,38,18,15,19,43,43,36,52,,,
2008-04-01,28,,,,19,27,,,,,,,,,,57,15,10,43,42,24,19,17,42,41,34,40,,,
2008-05-01,29,,,,21,,,,,,,,,36,,59,32,,36,25,12,14,25,32,34,28,25,,,
2008-06-01,,,,,24,37,,,36,,,,,,,58,34,,43,31,15,9,21,30,37,32,31,,,
2008-07-01,,,,,30,28,,,48,,,,,,,65,27,,40,39,19,15,41,31,40,37,34,,,
2008-08-01,,,,,25,35,,,24,,,,,,,59,21,9,41,32,19,15,41,30,39,29,31,,,
2008-09-01,,,,,26,26,,,,,,,,,,52,24,,37,32,18,11,,33,32,21,26,,,
2008-10-01,48,,,,26,44,,,,,,,,,,45,24,,27,29,19,6,,21,32,20,26,,,
2008-11-01,33,,,,30,18,,,,,,,,,,47,24,9,34,37,18,12,,22,30,18,33,,,
2008-12-01,,,,,18,33,,,,,,,,,,41,37,16,32,45,15,10,10,22,32,22,27,,,
2009-01-01,,,,,33,39,,,,,,,,,,70,34,15,59,61,21,17,,31,48,49,49,,,
2009-02-01,,,,,17,19,,,,,,,,38,,60,36,12,42,48,25,19,17,37,36,39,47,,,
2009-03-01,,,,,26,21,,,,,,,,46,,44,26,13,55,46,17,16,15,33,34,42,42,,,
2009-04-01,,,,100,26,26,,,,,,,,,,43,26,13,49,35,16,17,12,33,31,41,31,,,
2009-05-01,,,,,25,,,,,,,,,,,45,28,10,46,34,9,17,21,28,30,44,37,,,
2009-06-01,,,,,23,23,,,,,,,,,,46,29,15,49,34,19,18,27,27,30,42,31,,,
2009-07-01,35,,,,22,15,,,61,,,,,43,,43,25,14,48,34,12,16,41,30,31,42,29,,,
2009-08-01,28,,,,20,27,,,32,,,,,32,,48,28,13,55,36,16,15,45,27,36,47,36,,,
2009-09-01,23,,,,19,34,,,,,,,,,,41,24,16,41,36,14,11,10,24,33,41,24,,,
2009-10-01,25,,,,21,18,,,,,,,,30,,40,26,13,53,36,18,15,,29,33,42,30,,,
2009-11-01,21,,,,14,30,,,,,,,,36,,42,31,17,53,44,18,12,13,24,32,44,34,,,
2009-12-01,28,,,74,19,19,,,16,,,,,,,44,33,13,48,47,18,11,10,31,31,46,32,,,
2010-01-01,,,,,23,21,,,,,,100,,,,69,39,20,88,66,27,19,15,39,53,100,55,,,
2010-02-01,20,,,,24,18,,,,,,,,,,55,32,19,70,51,20,18,14,38,40,78,49,,,
2010-03-01,19,,,,19,31,,,,,,,,33,,42,35,22,67,49,18,14,19,33,33,71,45,,,
2010-04-01,,,,,18,23,,,,,,,,32,,44,26,16,56,32,20,13,21,28,29,59,37,,,
2010-05-01,,,,,19,27,,,20,,,,,,,38,31,14,47,33,12,14,25,28,30,59,34,,,
2010-06-01,23,,,,23,24,,10,47,,,,,30,,40,22,17,47,33,15,14,33,21,26,57,30,,,
2010-07-01,28,,,,22,28,,,81,,,,,30,,40,23,15,60,40,13,19,61,24,30,59,33,,,
2010-08-01,24,,,,19,16,,,42,,,,,,,38,26,10,58,36,18,12,39,19,30,50,24,,,
2010-09-01,33,,,,24,24,,14,,,,,,26,,34,30,10,46,36,15,11,12,18,28,47,27,,,
2010-10-01,,,,,22,16,,,,,,,,35,,34,21,10,51,39,16,9,9,18,29,44,29,,,
2010-11-01,30,,,,17,14,,,,,,,,54,,34,30,15,48,40,16,10,9,18,26,42,32,,,
2010-12-01,,,,,19,36,,,,,,,,27,,35,27,15,52,32,14,10,9,26,25,46,32,,,
2011-01-01,36,,,,20,21,,9,,,,,,40,,56,36,23,84,68,26,19,12,32,44,81,52,,,
2011-02-01,23,,,,21,28,,9,,,,,,41,,38,33,15,68,52,22,16,15,28,33,63,38,,,
2011-03-01,40,,,,23,20,,,9,,,,,47,,31,28,17,61,41,20,15,16,23,28,49,29,,,
2011-04-01,20,,,,18,19,,6,,,,,,28,,32,25,13,61,34,16,12,15,26,27,49,29,,,
2011-05-01,29,,,,19,23,,6,28,,,,,34,,30,17,14,53,31,15,13,19,23,22,44,24,,,
2011-06-01,31,,,,19,27,,8,42,,,,,39,,33,21,16,53,32,14,14,32,20,26,46,29,,,
2011-07-01,26,,,,21,18,,10,100,,,,,26,,33,21,11,65,37,15,16,61,22,25,54,28,,,
2011-08-01,42,,,,21,24,,8,61,,,,,28,,31,18,12,63,37,18,100,55,22,26,49,23,,,
2011-09-01,29,,,,19,18,,14,,,,,,29,,27,22,10,43,31,14,24,13,17,21,39,22,,,
2011-10-01,26,,,,21,17,,7,,,,,,34,,28,25,11,43,30,13,20,7,19,23,34,23,,,
2011-11-01,36,,,,22,19,,8,,,,,,63,,29,23,14,70,42,14,23,8,20,25,40,27,,,
2011-12-01,36,,,,16,23,,15,,,,,,42,,26,26,11,53,36,13,23,7,14,20,33,27,,,
2012-01-01,23,,,,21,29,,10,10,,,,,47,,46,30,20,100,57,22,23,14,25,36,72,43,,,
2012-02-01,33,,,,19,20,,7,,,,,,44,,35,24,16,69,39,16,21,15,22,27,56,41,,,
2012-03-01,27,,,,23,18,,11,8,,,,,41,,29,21,15,59,33,15,19,21,21,21,43,32,,,
2012-04-01,28,,,,20,20,,6,9,,,,,35,,28,21,13,52,31,16,15,16,20,22,42,29,,,
2012-05-01,25,,,,19,24,,7,22,,,,,44,,25,19,15,48,21,10,19,22,20,20,42,28,,,
2012-06-01,31,,,,19,25,,7,53,,,,,28,,26,17,17,47,26,12,27,26,19,20,34,24,,,
2012-07-01,27,,,,18,17,,6,72,,,,,26,,34,19,15,56,28,14,15,41,21,21,41,28,,,
2012-08-01,30,,,,20,16,,8,51,78,,,,24,,27,19,15,56,29,14,18,46,26,20,44,26,,,
2012-09-01,28,,,,18,26,,14,,,,,,40,,27,14,16,41,30,15,14,11,20,21,34,20,,,
2012-10-01,30,,,,15,23,,10,,,,,,43,,26,21,15,39,28,11,11,9,18,18,29,22,,,
2012-11-01,36,,,,17,16,,9,,,,,,49,,24,21,14,37,31,11,11,8,18,17,26,23,6,,7
2012-12-01,36,,,,16,16,,9,,40,,,,47,,26,23,14,43,31,11,12,8,15,18,26,26,,,
2013-01-01,39,,,,21,18,,6,7,,,,,47,,38,26,23,72,47,16,20,14,20,30,56,36,,,
2013-02-01,48,,,,18,13,,10,7,,,,,44,,33,27,16,50,41,14,17,18,21,25,42,34,,,
2013-03-01,42,,6,,21,27,,8,,46,,,,45,,33,26,16,41,42,15,15,13,21,23,37,31,,,
2013-04-01,41,,,,18,29,,5,8,,,,,43,,28,20,15,44,28,11,12,13,20,20,37,23,,,
2013-05-01,40,8,,,16,25,,7,33,,,,,47,,28,17,18,40,24,12,11,21,18,20,33,22,,,
2013-06-01,41,,,,21,22,,8,43,,,,,34,,29,17,15,43,28,11,12,22,18,19,36,24,,,
2013-07-01,44,,,,19,22,,7,79,31,,,,46,,30,17,15,38,36,15,13,41,20,20,42,28,,,
2013-08-01,30,,,,18,19,,7,63,33,,,,45,,32,17,17,38,33,13,64,83,20,22,38,22,,,
2013-09-01,34,,,,20,22,,8,5,50,,,,29,,27,17,15,37,30,12,14,10,13,19,31,23,,,7
2013-10-01,35,,,,20,21,,7,,,,,,47,,27,16,17,39,33,12,12,10,13,18,31,22,,,8
2013-11-01,34,8,,,19,24,,10,,,,,,73,,29,15,16,39,33,11,13,13,16,18,29,24,,,7
2013-12-01,34,15,,,20,22,,10,,42,,,,46,,30,17,17,42,39,11,13,6,17,18,32,29,,,
2014-01-01,45,7,4,,20,28,,8,,40,,,,44,,50,22,20,70,58,19,22,14,23,32,61,44,,,12
2014-02-01,41,6,,,22,25,,7,5,39,,,,44,,34,21,22,51,46,15,16,14,20,24,43,33,,,12
2014-03-01,47,12,,,19,23,,7,7,,,,,50,,32,18,16,41,36,14,15,20,15,20,39,34,,,7
2014-04-01,37,,,,17,19,,6,9,51,,,,31,,27,18,17,33,27,10,13,15,18,18,33,26,,,7
2014-05-01,33,5,,,20,26,,9,26,34,,,,33,,29,17,16,31,29,10,14,21,18,18,31,26,,,10
2014-06-01,32,,,,17,20,,6,38,43,,,,44,,25,13,15,35,31,11,15,26,13,17,32,28,,,10
2014-07-01,31,,,,19,25,11,7,73,,,,,63,,29,17,20,35,31,11,13,39,15,17,34,27,,,
2014-08-01,35,,,,20,24,18,7,53,27,45,,,58,,33,16,17,40,34,14,17,41,18,21,42,27,,,13
2014-09-01,38,,6,,18,28,20,7,,,,,,39,,30,16,17,34,32,11,12,6,15,18,35,22,,,12
2014-10-01,30,,,,22,22,19,10,,29,,,,39,,25,16,15,31,35,12,11,11,16,16,29,22,,,8
2014-11-01,43,,,,19,17,24,9,7,42,51,,,70,,28,17,17,27,36,12,9,11,14,16,28,24,,,12
2014-12-01,49,6,,,17,19,22,9,7,33,100,,,53,,29,21,17,32,39,10,10,9,18,17,32,29,,,13
2015-01-01,46,,4,,20,29,15,7,5,30,,,,50,,46,28,27,59,55,16,18,16,19,28,63,44,4,,22
2015-02-01,63,,5,,21,30,19,4,,,,,,42,,37,25,20,46,44,14,19,21,20,22,44,38,,,20
2015-03-01,54,,3,,21,27,17,8,5,32,,,,49,,32,23,22,40,35,14,15,17,19,19,40,37,,,15
2015-04-01,48,,,,20,24,22,9,9,27,,,,45,,32,16,20,37,31,12,12,19,18,20,36,36,,,15
2015-05-01,43,,4,,20,25,22,8,24,34,,,,39,,30,15,15,28,31,12,12,22,17,18,32,32,,,17
2015-06-01,39,,,,21,29,21,8,38,33,,,,46,,29,15,17,31,33,11,12,24,18,16,37,36,,,17
2015-07-01,36,,4,,19,24,24,7,76,39,,,,34,,33,17,22,37,34,11,14,44,18,19,40,29,4,,18
2015-08-01,43,,,,21,28,23,10,52,34,,,,47,,33,18,18,35,37,12,50,89,17,20,37,34,,,27
2015-09-01,44,,,,23,24,31,10,,34,,,,47,,29,14,18,30,32,12,14,15,12,18,30,28,4,,23
2015-10-01,43,,,,22,31,23,11,,33,,,,46,,27,18,16,28,35,11,13,12,13,17,31,24,,,22
2015-11-01,43,,,,22,26,28,9,9,36,,,,73,,33,18,16,27,37,12,12,13,12,17,29,26,,,18
2015-12-01,53,5,,,19,24,29,17,,39,,,,71,,34,22,17,32,36,11,14,12,14,17,33,32,4,,20
2016-01-01,53,5,,,22,28,17,9,,43,56,,,59,,52,26,27,55,51,16,19,17,19,31,57,40,,,37
2016-02-01,53,6,4,,22,21,19,5,7,38,,,,46,,41,24,19,39,43,15,21,23,16,21,42,33,,,30
2016-03-01,50,5,4,20,19,21,18,7,13,44,,,,46,,34,21,18,32,34,11,13,19,16,18,32,31,5,,27
2016-04-01,45,,5,,22,29,18,7,15,40,,,,43,,31,14,14,32,30,11,13,21,14,17,34,29,,,20
2016-05-01,39,5,,,22,23,20,8,28,,,,,41,,30,16,14,29,29,9,14,22,12,17,33,24,,,27
2016-06-01,46,8,,,22,21,21,9,42,32,75,,,45,,34,18,15,34,28,11,15,29,11,18,33,25,5,,23
2016-07-01,52,,,,19,24,18,8,91,36,,,,47,,35,14,15,34,33,13,17,44,11,20,37,27,,,28
2016-08-01,45,,,20,19,29,32,7,46,,,,,33,,36,14,15,31,33,13,19,38,13,20,38,23,5,,28
2016-09-01,47,,,,21,28,28,8,,,,51,,45,,33,16,15,28,31,14,14,12,8,18,32,19,,,28
2016-10-01,51,,,,20,24,23,11,7,29,68,,,51,,30,24,17,30,34,16,10,11,13,20,31,22,,,27
2016-11-01,51,,,,22,24,29,9,5,58,,34,,87,,33,24,21,31,39,16,12,11,11,18,29,26,,,37
2016-12-01,72,,,,21,20,40,11,,77,,,,70,,36,22,18,35,41,13,12,11,13,17,34,28,,,28
2017-01-01,64,9,5,,21,27,30,7,5,67,,35,,56,,56,31,27,58,61,18,20,19,18,31,56,47,5,,67
2017-02-01,69,,,,22,34,26,7,8,55,53,,,60,,42,26,20,39,45,13,19,20,17,25,48,35,4,,42
2017-03-01,67,13,5,,23,31,25,6,10,67,,,,66,,41,22,21,44,45,14,18,22,14,22,41,35,4,,48
2017-04-01,60,14,,,19,24,30,7,11,55,61,,,58,,36,21,17,37,35,15,13,15,15,20,37,33,,,33
2017-05-01,59,28,4,,21,28,31,12,22,,,36,,57,,36,18,20,33,36,13,13,24,9,19,36,28,,,38
2017-06-01,54,16,,,26,34,32,5,31,50,,32,,50,,35,17,17,35,34,14,13,22,11,17,40,29,4,,33
2017-07-01,54,14,,,21,28,32,11,61,46,,,,61,,39,19,18,40,37,15,16,38,13,21,44,31,,,43
2017-08-01,64,26,4,,16,25,34,10,64,45,,,,61,,42,22,20,44,37,14,47,100,10,22,42,29,,,45
2017-09-01,57,20,,,18,22,32,12,,,,,,48,,36,15,17,37,33,13,15,13,11,20,34,27,,,43
2017-10-01,59,25,,,23,36,31,9,,,,32,,60,,35,20,17,34,38,13,11,11,9,19,34,24,5,,47
2017-11-01,72,44,5,,21,32,38,9,4,54,48,40,,93,,38,22,17,33,44,16,11,13,11,18,36,29,5,,58
2017-12-01,72,100,,,16,26,48,12,5,69,,,,90,,43,21,20,35,41,12,11,12,12,20,38,31,,,48
2018-01-01,82,63,4,,24,22,38,9,9,100,,,,70,,64,26,28,62,65,18,20,16,14,32,66,44,4,,87
2018-02-01,88,40,,,22,30,35,8,8,96,58,,,74,,51,29,22,53,50,15,22,20,13,28,54,36,,,67
2018-03-01,75,27,4,,20,22,36,8,4,69,51,,,72,,49,22,24,47,45,15,16,21,13,24,47,38,4,,63
2018-04-01,68,12,5,,17,27,38,9,10,29,41,24,7,63,,40,19,20,42,37,15,17,23,13,22,41,33,4,,50
2018-05-01,59,9,,,19,21,34,8,13,37,,,,59,,36,15,18,38,31,11,12,21,13,18,36,32,,,40
2018-06-01,64,10,4,,19,25,32,10,25,52,48,,,56,,38,15,17,42,31,11,13,21,11,19,37,30,,5,47
2018-07-01,63,9,3,14,18,24,35,6,53,60,,,,58,,40,14,20,46,34,13,15,38,11,21,40,32,,,43
2018-08-01,64,5,4,,16,21,36,9,43,25,,,,55,,41,15,20,43,37,11,19,50,10,22,41,31,,,53
2018-09-01,56,9,,,19,26,34,8,,50,,,,71,,40,15,19,37,36,10,13,11,10,19,38,29,,,53
2018-10-01,67,9,,,20,31,40,12,,35,,,,80,,38,18,17,32,37,12,12,11,9,16,31,24,4,,48
2018-11-01,74,10,,,19,28,42,10,5,38,,,,81,,39,18,19,34,44,13,12,10,12,17,33,30,4,,47
2018-12-01,88,10,,17,21,27,62,17,,70,,33,,84,,43,24,22,37,46,14,12,9,9,18,35,31,4,,55
2019-01-01,93,12,4,,21,25,41,11,4,70,46,,,88,,64,24,31,67,71,16,18,15,12,31,64,48,,,92
2019-02-01,89,16,7,,18,31,41,10,,88,,29,,85,,51,28,27,56,55,15,18,15,12,23,51,39,4,,68
2019-03-01,82,8,,,21,30,41,12,7,59,51,23,,87,,47,23,24,52,51,15,20,19,14,21,47,37,,,67
2019-04-01,86,12,,,17,28,50,12,7,52,63,,,67,,40,16,20,42,38,13,15,15,11,17,39,30,,,50
2019-05-01,62,13,,,18,24,37,8,15,45,51,,,63,,37,17,18,42,31,11,13,18,11,17,36,28,,,52
2019-06-01,66,15,4,,18,22,38,11,28,51,,,,52,,44,17,19,47,36,12,13,20,11,18,43,29,,,50
2019-07-01,71,11,3,,18,21,42,11,60,54,,25,,68,,45,17,20,46,44,16,19,41,11,19,43,33,4,,62
2019-08-01,66,11,3,,15,26,49,13,47,40,55,26,,60,,49,18,21,42,43,13,24,41,11,20,40,32,4,,62
2019-09-01,68,7,,15,21,23,42,11,,31,,,,61,,43,20,22,35,37,14,12,9,10,17,34,25,,,62
2019-10-01,63,17,,,18,27,39,12,,38,36,24,,89,,39,21,23,36,43,13,12,9,10,19,35,24,,,65
2019-11-01,65,10,,,17,28,50,12,3,39,,30,,88,,42,22,24,35,43,15,9,9,9,19,35,26,,,60
2019-12-01,80,8,,,17,26,63,15,3,54,,28,,88,,45,36,24,43,44,15,13,9,12,21,37,28,,,63
2020-01-01,76,10,4,,17,28,45,10,3,51,46,31,,87,,63,33,31,70,71,16,18,18,12,31,64,44,4,,90
2020-02-01,80,7,,,19,25,43,8,3,33,33,,,82,,48,32,27,47,54,15,19,13,12,23,43,32,,,73
2020-03-01,50,11,6,,16,21,68,12,3,47,38,39,,54,38,53,16,16,24,45,8,10,11,9,12,19,19,4,,47
2020-04-01,10,8,,,9,12,91,24,,26,,87,,29,100,16,8,11,18,12,4,5,9,11,8,13,13,12,,17
2020-05-01,15,10,,,14,15,44,20,3,33,,19,,28,34,18,11,10,17,14,3,6,6,12,8,13,13,3,,17
2020-06-01,28,13,,15,16,22,54,23,3,,,18,,26,,21,20,12,20,12,4,4,3,12,11,17,13,,,27
2020-07-01,29,10,,,18,25,52,18,3,,,24,,34,,34,23,17,23,12,5,4,7,30,13,18,16,,,70
2020-08-01,35,8,,18,19,27,56,21,,20,,,,38,,26,21,15,20,9,4,4,5,19,14,17,15,3,,55
2020-09-01,36,8,,,19,28,57,21,,,,,,39,,25,19,18,22,10,4,4,3,16,14,17,12,,,43
2020-10-01,32,6,,,18,29,50,16,,,,21,,36,,21,17,15,21,7,5,2,4,12,15,15,12,,,42
2020-11-01,43,16,,,17,27,57,29,,,,,,39,,22,16,15,18,16,3,3,15,15,15,14,9,,,38
2020-12-01,48,28,,,14,23,82,29,,,,27,,62,36,27,15,13,24,9,3,3,16,16,18,18,13,,,35
2021-01-01,35,39,3,,15,21,69,32,,25,,39,,34,56,25,13,15,27,12,3,4,7,16,17,20,15,6,,38
2021-02-01,9,36,,,13,17,45,27,,,,36,,41,,20,12,17,27,13,3,5,3,16,13,18,12,5,,28
2021-03-01,21,24,,,13,18,49,29,,,,28,,25,36,20,10,16,29,15,3,4,3,13,14,20,11,3,,32
2021-04-01,33,21,,,16,21,52,31,,,,21,,31,,23,12,15,31,12,4,5,5,15,17,21,13,,,30
2021-05-01,42,42,,,18,26,55,28,,,,,,40,,24,18,15,33,15,5,4,7,16,17,23,16,,,37
2021-06-01,42,22,,,19,29,54,28,,,,,,47,,31,14,21,37,16,6,4,9,15,18,28,17,3,,43
2021-07-01,56,12,,,19,21,69,34,,,,,,39,,32,15,24,41,18,7,4,5,14,21,31,18,3,,52
2021-08-01,64,14,,,19,22,66,31,,34,,23,,43,,34,19,27,39,18,7,4,5,15,23,30,18,3,,50
2021-09-01,51,17,3,,14,17,55,30,,19,,21,,46,,31,18,24,32,18,8,3,3,14,23,26,16,3,,42
2021-10-01,47,20,,,15,17,61,32,,19,,,,42,,31,15,26,32,24,9,6,5,13,22,25,15,,,43
2021-11-01,70,20,3,,15,17,69,35,,47,,,,59,,35,24,27,32,32,10,5,5,16,22,24,18,4,,52
2021-12-01,63,32,4,,14,15,55,30,,25,,19,,50,,32,21,27,30,34,9,4,4,18,18,20,16,3,,47
2022-01-01,69,34,3,,17,23,52,28,,35,38,25,,56,,50,25,38,50,42,10,6,6,19,27,37,26,6,,87
2022-02-01,81,35,4,10,20,26,55,26,,36,,,,66,,43,24,36,50,35,11,7,9,16,21,39,24,5,4,77
2022-03-01,67,27,4,15,20,27,54,27,4,18,36,,,52,,42,19,35,46,32,12,7,13,15,19,39,20,4,,67
2022-04-01,65,26,4,,18,25,58,32,2,38,24,32,,59,26,40,16,29,45,26,8,8,10,16,16,35,22,3,,58
2022-05-01,65,25,5,9,17,22,61,28,7,24,51,25,,47,26,31,14,26,36,22,8,8,14,12,14,28,17,4,,43
2022-06-01,61,28,4,11,17,25,55,33,14,31,43,,,45,,35,15,24,36,21,8,6,17,12,16,28,18,3,,43
2022-07-01,60,23,4,11,19,21,62,34,39,29,,,,50,,35,15,22,38,25,8,11,36,13,15,29,16,3,,53
2022-08-01,65,20,3,12,19,21,60,31,14,22,52,,,56,,36,15,24,37,27,8,9,18,9,17,29,17,,,58
2022-09-01,60,23,3,,19,27,59,33,,19,28,19,,52,,34,13,27,34,29,6,6,6,9,15,27,16,3,,55
2022-10-01,58,17,5,10,20,25,62,34,2,22,47,18,,66,38,35,16,24,30,34,9,5,7,10,16,26,16,3,,55
2022-11-01,68,22,3,,19,21,66,40,3,30,32,19,,64,,35,23,24,31,38,11,7,9,9,16,27,16,3,,52
2022-12-01,71,20,5,,19,22,76,45,,36,38,33,,65,31,38,23,24,37,47,10,8,5,11,17,29,17,4,,60
2023-01-01,72,22,3,,22,25,66,34,3,38,42,,,62,,59,26,37,54,71,17,11,10,13,24,51,30,4,,92
2023-02-01,88,18,3,,24,29,69,35,4,39,48,20,,72,,45,22,32,45,53,15,14,15,13,17,41,25,,,68
2023-03-01,77,14,3,11,24,32,75,39,6,39,50,18,,78,,45,19,29,39,48,11,8,13,12,15,38,22,,,63
2023-04-01,75,18,3,14,26,32,89,42,8,43,56,,,71,,38,16,27,35,36,8,10,15,11,14,30,20,4,4,52
2023-05-01,78,11,3,17,24,30,88,40,14,31,50,,,58,,34,15,22,31,25,7,7,11,12,13,30,18,3,,52
2023-06-01,62,12,3,21,23,37,78,40,21,32,60,,,65,,34,15,21,33,28,7,7,15,9,13,34,17,,,43
2023-07-01,64,12,5,,23,32,78,41,41,19,36,31,,54,,38,16,21,35,29,8,11,30,11,13,33,18,,,53
2023-08-01,67,11,4,17,23,24,73,43,35,29,40,22,,67,,35,15,27,33,32,8,13,28,9,14,33,17,,,53
2023-09-01,63,9,,,23,35,76,47,3,17,,,,70,,32,14,27,26,29,9,5,6,9,13,28,13,,,47
2023-10-01,67,11,3,,22,31,73,43,,18,53,20,,70,,30,15,29,25,37,9,7,7,8,13,27,14,,,47
2023-11-01,72,13,3,,23,32,69,46,4,43,30,,,75,,34,18,29,24,48,11,7,8,10,14,27,18,3,,52
2023-12-01,79,17,4,,22,31,94,57,,37,38,34,,75,,38,20,27,29,45,10,6,5,9,16,31,19,4,,55
2024-01-01,80,16,3,11,25,34,71,43,3,44,38,,,66,,51,26,42,49,61,15,11,11,12,22,56,28,4,,92
2024-02-01,76,15,4,15,28,33,71,41,3,38,44,,,68,,42,24,36,39,50,15,12,14,12,18,44,23,4,,70
2024-03-01,82,19,,,25,32,66,45,6,48,43,20,,76,34,40,22,31,36,44,13,8,12,12,16,40,27,3,3,60
2024-04-01,63,11,3,21,21,28,57,46,10,40,36,22,,66,,36,18,30,32,30,8,9,15,9,15,38,19,4,,55
2024-05-01,62,8,,13,24,28,64,52,9,60,37,22,,67,,33,15,28,30,29,9,8,12,10,14,33,17,,,47
2024-06-01,56,6,,,24,28,61,44,12,,58,23,,55,,42,15,26,33,29,9,8,14,9,15,35,21,,,55
2024-07-01,64,11,6,23,25,29,61,45,35,39,,22,,57,,36,18,25,32,30,8,10,27,10,15,34,18,4,,43
2024-08-01,72,11,,,26,37,70,45,35,20,55,,,72,,35,16,27,33,31,8,16,43,10,16,38,18,,,50
2024-09-01,71,10,4,13,26,36,72,49,5,24,60,,,58,,31,20,26,28,29,7,7,8,9,15,33,18,,3,50
2024-10-01,66,11,3,,23,35,65,36,,30,44,20,,67,,32,21,29,28,32,7,5,9,9,15,30,18,,3,55
2024-11-01,76,23,4,27,24,34,71,42,4,30,,,,79,,37,26,34,30,47,11,6,9,10,16,34,20,,,55
2024-12-01,83,18,,,23,33,100,44,,32,42,41,,92,,39,28,34,36,45,12,8,9,10,16,40,26,4,,57
2025-01-01,88,17,,16,28,38,74,36,,68,72,,,85,,52,30,46,52,65,15,10,11,12,23,56,34,,3,85
2025-02-01,79,16,4,,26,43,65,32,5,54,,30,,86,,41,26,42,37,50,14,10,12,13,17,43,27,3,,63
2025-03-01,89,23,3,,30,41,69,32,6,53,,,,93,,39,22,38,32,41,12,11,19,14,15,36,23,,3,63
2025-04-01,76,15,7,14,28,34,75,36,5,49,,31,,79,,32,20,29,30,29,10,8,15,12,13,34,25,3,,52
2025-05-01,73,16,5,,29,35,69,33,12,30,,,,73,,32,20,34,30,27,10,8,17,11,14,34,19,,,47
2025-06-01,57,14,,13,22,29,52,26,15,27,35,21,,47,,32,23,34,33,28,10,9,18,10,15,38,22,,,50
2025-07-01,62,17,,,26,32,63,30,42,40,,37,,56,,41,29,38,39,43,12,12,32,13,16,43,25,,,58
2025-08-01,75,7,,,27,36,75,35,41,54,62,25,,71,,66,38,50,43,58,15,15,38,31,21,53,29,5,5,83
2025-09-01,55,13,,,30,42,70,37,4,,54,36,,62,,57,31,46,38,48,13,7,10,27,20,43,22,,4,72
2025-10-01,67,16,,16,31,38,73,37,5,33,,,,71,,58,30,48,36,56,14,8,13,22,19,43,22,,4,68
2025-11-01,74,19,,17,28,38,79,43,,39,,26,,99,52,61,32,65,39,70,16,7,11,28,20,45,28,8,4,72
2025-12-01,85,20,4,,28,37,92,48,,65,,49,,100,65,56,36,98,44,74,20,10,9,30,20,43,34,13,5,77
2026-01-01,83,16,6,,32,44,80,35,4,72,60,25,,86,,75,38,100,56,100,23,11,15,31,25,63,48,9,4,100
2026-02-01,89,24,4,15,32,45,78,36,4,79,,27,,87,,73,38,82,56,84,22,14,18,33,25,58,41,8,5,82
2026-03-01,81,20,6,,33,44,77,37,6,60,,27,,84,,64,46,80,51,76,18,10,19,34,30,58,38,5,,87
2026-04-01,74,15,5,,34,38,71,37,10,58,40,24,,74,48,54,38,64,43,55,16,9,19,26,26,51,29,8,,70
2026-05-01,68,14,2,8,37,49,68,35,11,28,19,13,,71,12,51,39,64,33,39,14,8,15,21,32,41,27,1,,45
