series,ticket,description,description 2,freq,first_date,last_date,No Obs,months_lag,nominal,sa,unstructured,type,agg_method,file_name,first_obs,last_obs
NearNadir_Composite_Snow_Free,UMBL0000,NearNadir_Composite_Snow_Free,,monthly,2025-11-01,2026-02-01,4,3.0,0,0,1,,sum,blk_ntl.csv,2025-11-01,2026-02-01
USA_exp_BRB,TEXP0004,USA_exp_BRB,,monthly,1992-01-01,2026-03-01,195,2.0,0,0,0,,mean,uscensus_trade.csv,1992-01-01,2026-03-01
USA_imp_BRB,TIMP0004,USA_imp_BRB,,monthly,1992-01-01,2026-03-01,195,2.0,0,0,0,,mean,uscensus_trade.csv,1992-01-01,2026-03-01
bank_rate_barbados,FDEP0015,bank_rate_barbados,,monthly,1990-01-01,2026-03-01,195,2.0,0,0,0,,mean,cbbb_interest.csv,1990-01-01,2026-03-01
bank_rate_canada,FDEP0023,bank_rate_canada,,monthly,1990-01-01,2026-03-01,195,2.0,0,0,0,,mean,cbbb_interest.csv,1990-01-01,2026-03-01
bank_rate_guyana,FDEP0017,bank_rate_guyana,,monthly,1990-01-01,2026-02-01,194,3.0,0,0,0,,mean,cbbb_interest.csv,1990-01-01,2026-02-01
bank_rate_jamaica,FDEP0019,bank_rate_jamaica,,monthly,1990-01-01,2026-03-01,180,2.0,0,0,0,,mean,cbbb_interest.csv,1990-01-01,2026-03-01
bank_rate_trinidad_tobago,FDEP0021,bank_rate_trinidad_tobago,,monthly,1990-01-01,2020-10-01,127,67.0,0,0,0,,mean,cbbb_interest.csv,1990-01-01,2020-10-01
bank_rate_uk,FDEP0025,bank_rate_uk,,monthly,1989-01-01,2026-03-01,195,2.0,0,0,0,,mean,cbbb_interest.csv,1989-01-01,2026-03-01
bank_rate_usa,FDEP0027,bank_rate_usa,,monthly,1990-01-01,2026-03-01,195,2.0,0,0,0,,mean,cbbb_interest.csv,1990-01-01,2026-03-01
brent price,ROIL0000,brent price,,daily,1987-05-01,2026-05-01,197,0.0,0,0,0,,mean,eia_brent.csv,1987-05-01,2026-05-01
capital_expenditure,FCAP0000,capital_expenditure,,quarterly,1995-03-01,2025-09-01,63,8.0,0,0,0,,mean,cbbb_fiscal.csv,1995-03-01,2025-09-01
cpi_m,MCPI0000,cpi_m,,monthly,2013-12-01,2026-02-01,145,3.0,0,0,0,,mean,rpi_cpi.csv,2013-12-01,2026-02-01
credit_cards,FLOA0010,credit_cards,,monthly,2012-01-01,2026-02-01,170,3.0,0,0,0,,mean,cbbb_loans.csv,2012-01-01,2026-02-01
credit_cards.1,FLOA0016,credit_cards.1,,monthly,2012-01-01,2026-02-01,170,3.0,0,0,0,,mean,cbbb_loans.csv,2012-01-01,2026-02-01
current_account_balance,MCPI0013,current_account_balance,,unknown,2024-03-01,2025-09-01,4,8.0,0,0,0,,mean,cbbb_caccbalance.csv,2024-03-01,2025-09-01
current_expenditure,FCURR0000,current_expenditure,,quarterly,1995-03-01,2025-09-01,63,8.0,0,0,0,,mean,cbbb_fiscal.csv,1995-03-01,2025-09-01
demand_loans,FLOA0008,demand_loans,,monthly,2012-01-01,2026-02-01,170,3.0,0,0,0,,mean,cbbb_loans.csv,2012-01-01,2026-02-01
demand_loans.1,FLOA0014,demand_loans.1,,monthly,2012-01-01,2026-02-01,170,3.0,0,0,0,,mean,cbbb_loans.csv,2012-01-01,2026-02-01
deposits_savings_max,FDEP0001,deposits_savings_max,,monthly,1991-01-01,2026-02-01,194,3.0,0,0,0,,mean,cbbb_interest.csv,1991-01-01,2026-02-01
deposits_savings_min,FDEP0000,deposits_savings_min,,monthly,1991-01-01,2026-02-01,194,3.0,0,0,0,,mean,cbbb_interest.csv,1991-01-01,2026-02-01
deposits_time__months_max,FDEP0003,deposits_time__months_max,,monthly,1991-01-01,2026-02-01,194,3.0,0,0,0,,mean,cbbb_interest.csv,1991-01-01,2026-02-01
deposits_time__months_max.1,FDEP0005,deposits_time__months_max.1,,monthly,1992-01-01,2026-02-01,194,3.0,0,0,0,,mean,cbbb_interest.csv,1992-01-01,2026-02-01
deposits_time__months_max.2,FDEP0007,deposits_time__months_max.2,,monthly,1992-01-01,2026-02-01,194,3.0,0,0,0,,mean,cbbb_interest.csv,1992-01-01,2026-02-01
deposits_time__months_min,FDEP0002,deposits_time__months_min,,monthly,1991-01-01,2026-02-01,194,3.0,0,0,0,,mean,cbbb_interest.csv,1991-01-01,2026-02-01
deposits_time__months_min.1,FDEP0004,deposits_time__months_min.1,,monthly,1992-01-01,2026-02-01,194,3.0,0,0,0,,mean,cbbb_interest.csv,1992-01-01,2026-02-01
deposits_time__months_min.2,FDEP0006,deposits_time__months_min.2,,monthly,1992-01-01,2026-02-01,194,3.0,0,0,0,,mean,cbbb_interest.csv,1992-01-01,2026-02-01
deposits_weighted_average,FDEP0008,deposits_weighted_average,,monthly,1991-01-01,2026-02-01,194,3.0,0,0,0,,mean,cbbb_interest.csv,1991-01-01,2026-02-01
diff_GDP,RGDP0001,diff_GDP,,monthly,,,0,,0,0,0,,last,,,
direct_tax_revenue,FTAX0000,direct_tax_revenue,,quarterly,1995-03-01,2025-09-01,63,8.0,0,0,0,,mean,cbbb_fiscal.csv,1995-03-01,2025-09-01
domexp_all_other_commodities_cigarettes_cigars_and_tobacco_products,TDEX1001,domexp_all_other_commodities_cigarettes_cigars_and_tobacco_products,,monthly,2002-01-01,2025-12-01,192,5.0,0,0,0,,sum,bb_tradein_g2b.csv,2002-01-01,2025-12-01
domexp_all_other_commodities_crude_materials,TDEX1002,domexp_all_other_commodities_crude_materials,,monthly,2002-01-01,2025-12-01,192,5.0,0,0,0,,sum,bb_tradein_g2b.csv,2002-01-01,2025-12-01
domexp_all_other_commodities_feeds,TDEX1003,domexp_all_other_commodities_feeds,,monthly,2002-01-01,2025-12-01,192,5.0,0,0,0,,sum,bb_tradein_g2b.csv,2002-01-01,2025-12-01
domexp_all_other_commodities_fuel,TDEX1004,domexp_all_other_commodities_fuel,,monthly,2002-01-01,2025-12-01,192,5.0,0,0,0,,sum,bb_tradein_g2b.csv,2002-01-01,2025-12-01
domexp_all_other_commodities_live_animals_for_breeding_and_recreation,TDEX1005,domexp_all_other_commodities_live_animals_for_breeding_and_recreation,,monthly,2002-01-01,2025-12-01,192,5.0,0,0,0,,sum,bb_tradein_g2b.csv,2002-01-01,2025-12-01
domexp_all_other_commodities_other_machinery_and_transport_equipment,TDEX1006,domexp_all_other_commodities_other_machinery_and_transport_equipment,,monthly,2002-01-01,2025-12-01,192,5.0,0,0,0,,sum,bb_tradein_g2b.csv,2002-01-01,2025-12-01
domexp_all_other_commodities_other_oils_and_fats,TDEX1007,domexp_all_other_commodities_other_oils_and_fats,,monthly,2002-01-01,2025-12-01,192,5.0,0,0,0,,sum,bb_tradein_g2b.csv,2002-01-01,2025-12-01
domexp_all_other_commodities_total,TDEX1000,domexp_all_other_commodities_total,,monthly,1978-01-01,2025-12-01,192,5.0,0,0,0,,sum,bb_tradein_g2b.csv,1978-01-01,2025-12-01
domexp_all_other_commodities_unclassified_goods,TDEX1008,domexp_all_other_commodities_unclassified_goods,,monthly,2002-01-01,2025-12-01,192,5.0,0,0,0,,sum,bb_tradein_g2b.csv,2002-01-01,2025-12-01
domexp_antigua,TDEX0001,domexp_antigua,,monthly,1978-01-01,2025-12-01,192,5.0,0,0,0,,sum,bb_tradein_g2a.csv,1978-01-01,2025-12-01
domexp_bahamas,TDEX0002,domexp_bahamas,,monthly,2002-01-01,2025-12-01,192,5.0,0,0,0,,sum,bb_tradein_g2a.csv,2002-01-01,2025-12-01
domexp_belize,TDEX0003,domexp_belize,,monthly,1978-01-01,2025-12-01,192,5.0,0,0,0,,sum,bb_tradein_g2a.csv,1978-01-01,2025-12-01
domexp_canada,TDEX0004,domexp_canada,,monthly,2002-01-01,2025-12-01,192,5.0,0,0,0,,sum,bb_tradein_g2a.csv,2002-01-01,2025-12-01
domexp_dominica,TDEX0005,domexp_dominica,,monthly,1978-01-01,2025-12-01,192,5.0,0,0,0,,sum,bb_tradein_g2a.csv,1978-01-01,2025-12-01
domexp_food_and_beverages_chemicals,TDEX2001,domexp_food_and_beverages_chemicals,,monthly,1978-01-01,2025-12-01,192,5.0,0,0,0,,sum,bb_tradein_g2b.csv,1978-01-01,2025-12-01
domexp_food_and_beverages_clothing,TDEX2002,domexp_food_and_beverages_clothing,,monthly,1978-01-01,2025-12-01,192,5.0,0,0,0,,sum,bb_tradein_g2b.csv,1978-01-01,2025-12-01
domexp_food_and_beverages_electrical_components,TDEX2003,domexp_food_and_beverages_electrical_components,,monthly,1978-01-01,2025-12-01,192,5.0,0,0,0,,sum,bb_tradein_g2b.csv,1978-01-01,2025-12-01
domexp_food_and_beverages_margarine__lard,TDEX2004,domexp_food_and_beverages_margarine__lard,,monthly,1978-01-01,2025-12-01,192,5.0,0,0,0,,sum,bb_tradein_g2b.csv,1978-01-01,2025-12-01
domexp_food_and_beverages_molasses,TDEX2005,domexp_food_and_beverages_molasses,,monthly,1978-01-01,2025-12-01,192,5.0,0,0,0,,sum,bb_tradein_g2b.csv,1978-01-01,2025-12-01
domexp_food_and_beverages_other_manufacturing,TDEX2006,domexp_food_and_beverages_other_manufacturing,,monthly,1978-01-01,2025-12-01,192,5.0,0,0,0,,sum,bb_tradein_g2b.csv,1978-01-01,2025-12-01
domexp_food_and_beverages_over_food__beverages,TDEX2007,domexp_food_and_beverages_over_food__beverages,,monthly,1978-01-01,2025-12-01,192,5.0,0,0,0,,sum,bb_tradein_g2b.csv,1978-01-01,2025-12-01
domexp_food_and_beverages_rum,TDEX2008,domexp_food_and_beverages_rum,,monthly,1978-01-01,2025-12-01,192,5.0,0,0,0,,sum,bb_tradein_g2b.csv,1978-01-01,2025-12-01
domexp_food_and_beverages_shrimp,TDEX2009,domexp_food_and_beverages_shrimp,,monthly,1978-01-01,2025-12-01,192,5.0,0,0,0,,sum,bb_tradein_g2b.csv,1978-01-01,2025-12-01
domexp_food_and_beverages_sports_equipment,TDEX2010,domexp_food_and_beverages_sports_equipment,,monthly,1978-01-01,2025-12-01,192,5.0,0,0,0,,sum,bb_tradein_g2b.csv,1978-01-01,2025-12-01
domexp_food_and_beverages_sugar,TDEX2011,domexp_food_and_beverages_sugar,,monthly,1978-01-01,2025-12-01,192,5.0,0,0,0,,sum,bb_tradein_g2b.csv,1978-01-01,2025-12-01
domexp_grenada,TDEX0006,domexp_grenada,,monthly,1978-01-01,2025-12-01,192,5.0,0,0,0,,sum,bb_tradein_g2a.csv,1978-01-01,2025-12-01
domexp_guyana,TDEX0007,domexp_guyana,,monthly,1978-01-01,2025-12-01,192,5.0,0,0,0,,sum,bb_tradein_g2a.csv,1978-01-01,2025-12-01
domexp_jamaica,TDEX0008,domexp_jamaica,,monthly,1978-01-01,2025-12-01,192,5.0,0,0,0,,sum,bb_tradein_g2a.csv,1978-01-01,2025-12-01
domexp_japan,TDEX0009,domexp_japan,,monthly,2002-01-01,2025-12-01,192,5.0,0,0,0,,sum,bb_tradein_g2a.csv,2002-01-01,2025-12-01
domexp_montserrat,TDEX0010,domexp_montserrat,,monthly,1978-01-01,2025-12-01,192,5.0,0,0,0,,sum,bb_tradein_g2a.csv,1978-01-01,2025-12-01
domexp_st_kitts,TDEX0011,domexp_st_kitts,,monthly,1978-01-01,2025-12-01,192,5.0,0,0,0,,sum,bb_tradein_g2a.csv,1978-01-01,2025-12-01
domexp_st_lucia,TDEX0012,domexp_st_lucia,,monthly,1978-01-01,2025-12-01,192,5.0,0,0,0,,sum,bb_tradein_g2a.csv,1978-01-01,2025-12-01
domexp_st_vincent,TDEX0013,domexp_st_vincent,,monthly,1978-01-01,2025-12-01,192,5.0,0,0,0,,sum,bb_tradein_g2a.csv,1978-01-01,2025-12-01
domexp_total,TDEX0000,domexp_total,,monthly,1978-01-01,2025-12-01,192,5.0,0,0,0,,sum,bb_tradein_g2a.csv,1978-01-01,2025-12-01
domexp_trinidad__tobago,TDEX0014,domexp_trinidad__tobago,,monthly,1978-01-01,2025-12-01,192,5.0,0,0,0,,sum,bb_tradein_g2a.csv,1978-01-01,2025-12-01
domexp_uk,TDEX0015,domexp_uk,,monthly,2002-01-01,2025-12-01,192,5.0,0,0,0,,sum,bb_tradein_g2a.csv,2002-01-01,2025-12-01
domexp_usa,TDEX0016,domexp_usa,,monthly,2002-01-01,2025-12-01,192,5.0,0,0,0,,sum,bb_tradein_g2a.csv,2002-01-01,2025-12-01
domexp_venezuela,TDEX0017,domexp_venezuela,,monthly,2002-01-01,2025-12-01,192,5.0,0,0,0,,sum,bb_tradein_g2a.csv,2002-01-01,2025-12-01
employed,REMP0000,employed,,monthly,,,0,,0,0,0,,mean,,,
employed_female,REMP0002,employed_female,,monthly,,,0,,0,0,0,,mean,,,
employed_male,REMP0001,employed_male,,monthly,,,0,,0,0,0,,mean,,,
exp_dom,TBBE0001,exp_dom,,monthly,1978-01-01,2025-12-01,192,5.0,1,0,0,,sum,bb_tradein_g1.csv,1978-01-01,2025-12-01
exp_eu,TEXP0002,exp_eu,,monthly,1988-01-01,2026-02-01,194,3.0,0,0,0,,sum,eu_trade.csv,1988-01-01,2026-02-01
exp_re,TBBE0002,exp_re,,monthly,1978-01-01,2025-12-01,192,5.0,1,0,0,,sum,bb_tradein_g1.csv,1978-01-01,2025-12-01
exp_total,TBBE0000,exp_total,,monthly,1978-01-01,2025-12-01,192,5.0,1,0,0,,sum,bb_tradein_g1.csv,1978-01-01,2025-12-01
exp_uk,TEXP0003,exp_uk,,monthly,2018-01-01,2025-12-01,96,5.0,0,0,0,,sum,uk_trade.csv,2018-01-01,2025-12-01
exports_can,TEXP0001,exports_can,,monthly,1996-01-01,2026-03-01,195,2.0,0,0,0,,sum,canada_exports.csv,1996-01-01,2026-03-01
fiscal_balance,FFIS0000,fiscal_balance,,quarterly,1995-03-01,2025-09-01,63,8.0,0,0,0,,mean,cbbb_fiscal.csv,1995-03-01,2025-09-01
fred_DEXUSEU,XFOR0001,fred_DEXUSEU,,daily,1999-01-01,2026-05-01,197,0.0,0,0,0,,mean,fred_data.csv,1999-01-01,2026-05-01
fred_DEXUSUK,XFOR0002,fred_DEXUSUK,,daily,1971-01-01,2026-05-01,197,0.0,0,0,0,,mean,fred_data.csv,1971-01-01,2026-05-01
fred_DJIA,XSTO0001,fred_DJIA,,daily,2016-05-01,2026-05-01,121,0.0,0,0,0,,mean,fred_data.csv,2016-05-01,2026-05-01
fred_EXCAUS,XFOR0000,fred_EXCAUS,,daily,1971-01-01,2026-04-01,196,1.0,0,0,0,,mean,fred_data.csv,1971-01-01,2026-04-01
fred_NASDAQCOM,XSTO0002,fred_NASDAQCOM,,daily,1971-02-01,2026-05-01,197,0.0,0,0,0,,mean,fred_data.csv,1971-02-01,2026-05-01
fred_SP500,XSTO0000,fred_SP500,,daily,2016-05-01,2026-05-01,121,0.0,0,0,0,,mean,fred_data.csv,2016-05-01,2026-05-01
gdp,RGDP0000,gdp,,semi-Q,2010-03-01,2025-12-01,64,5.0,0,0,0,,last,bb_gdp.csv,2010-03-01,2025-12-01
gdp_business_other_services,RGDP0003,gdp_business_other_services,,semi-Q,2010-03-01,2025-12-01,64,5.0,0,0,0,,last,bb_gdp.csv,2010-03-01,2025-12-01
gdp_communications,RGDP0004,gdp_communications,,semi-Q,2010-03-01,2025-12-01,64,5.0,0,0,0,,last,bb_gdp.csv,2010-03-01,2025-12-01
gdp_construction,RGDP0005,gdp_construction,,semi-Q,2010-03-01,2025-12-01,64,5.0,0,0,0,,last,bb_gdp.csv,2010-03-01,2025-12-01
gdp_electricity_gas_water,RGDP0006,gdp_electricity_gas_water,,semi-Q,2010-03-01,2025-12-01,64,5.0,0,0,0,,last,bb_gdp.csv,2010-03-01,2025-12-01
gdp_fishing,RGDP0007,gdp_fishing,,semi-Q,2010-03-01,2025-12-01,64,5.0,0,0,0,,last,bb_gdp.csv,2010-03-01,2025-12-01
gdp_government,RGDP0008,gdp_government,,semi-Q,2010-03-01,2025-12-01,64,5.0,0,0,0,,last,bb_gdp.csv,2010-03-01,2025-12-01
gdp_manufacturing,RGDP0009,gdp_manufacturing,,semi-Q,2010-03-01,2025-12-01,64,5.0,0,0,0,,last,bb_gdp.csv,2010-03-01,2025-12-01
gdp_mining_quarrying,RGDP0010,gdp_mining_quarrying,,semi-Q,2010-03-01,2025-12-01,64,5.0,0,0,0,,last,bb_gdp.csv,2010-03-01,2025-12-01
gdp_non-sugar_agriculture,RGDP0011,gdp_non-sugar_agriculture,,semi-Q,,,0,,0,0,0,,last,bb_gdp.csv,,
gdp_non-traded_sector,RGDP0012,gdp_non-traded_sector,,semi-Q,2010-03-01,2025-12-01,64,5.0,0,0,0,,last,bb_gdp.csv,2010-03-01,2025-12-01
gdp_sugar,RGDP0013,gdp_sugar,,semi-Q,2010-03-01,2025-12-01,64,5.0,0,0,0,,last,bb_gdp.csv,2010-03-01,2025-12-01
gdp_tourism,RGDP0014,gdp_tourism,,semi-Q,2010-03-01,2025-12-01,64,5.0,0,0,0,,last,bb_gdp.csv,2010-03-01,2025-12-01
gdp_traded_sector,RGDP0015,gdp_traded_sector,,semi-Q,2010-03-01,2025-12-01,64,5.0,0,0,0,,last,bb_gdp.csv,2010-03-01,2025-12-01
gdp_transportation_storage,RGDP0016,gdp_transportation_storage,,semi-Q,,,0,,0,0,0,,last,bb_gdp.csv,,
gdp_wholesale_retail,RGDP0017,gdp_wholesale_retail,,semi-Q,2010-03-01,2025-12-01,64,5.0,0,0,0,,last,bb_gdp.csv,2010-03-01,2025-12-01
gross_foreign_assets_balances_held_abroad,MASS0005,gross_foreign_assets_balances_held_abroad,,monthly,2007-01-01,2026-02-01,194,3.0,0,0,0,,mean,cbbb_monetary.csv,2007-01-01,2026-02-01
gross_foreign_assets_financial_derivatives,MASS0010,gross_foreign_assets_financial_derivatives,,monthly,2007-01-01,2026-02-01,194,3.0,0,0,0,,mean,cbbb_monetary.csv,2007-01-01,2026-02-01
gross_foreign_assets_foreign_securities_other_government_securities,MASS0009,gross_foreign_assets_foreign_securities_other_government_securities,,monthly,2007-01-01,2026-02-01,194,3.0,0,0,0,,mean,cbbb_monetary.csv,2007-01-01,2026-02-01
gross_foreign_assets_foreign_securities_total,MASS0006,gross_foreign_assets_foreign_securities_total,,monthly,2007-01-01,2026-02-01,194,3.0,0,0,0,,mean,cbbb_monetary.csv,2007-01-01,2026-02-01
gross_foreign_assets_foreign_securities_us_securities_unencumbered,MASS0008,gross_foreign_assets_foreign_securities_us_securities_unencumbered,,monthly,2007-01-01,2026-02-01,194,3.0,0,0,0,,mean,cbbb_monetary.csv,2007-01-01,2026-02-01
gross_foreign_assets_foreign_securities_us_treasury_bills,MASS0007,gross_foreign_assets_foreign_securities_us_treasury_bills,,monthly,2007-01-01,2026-02-01,194,3.0,0,0,0,,mean,cbbb_monetary.csv,2007-01-01,2026-02-01
gross_foreign_assets_frn_assets_excluded_from_reserves,MASS0013,gross_foreign_assets_frn_assets_excluded_from_reserves,,monthly,2007-01-01,2026-02-01,194,3.0,0,0,0,,mean,cbbb_monetary.csv,2007-01-01,2026-02-01
gross_foreign_assets_frn_currencies_in_hand,MASS0004,gross_foreign_assets_frn_currencies_in_hand,,monthly,2007-01-01,2026-02-01,194,3.0,0,0,0,,mean,cbbb_monetary.csv,2007-01-01,2026-02-01
gross_foreign_assets_gold_f_r_b_account,MASS0003,gross_foreign_assets_gold_f_r_b_account,,monthly,2007-01-01,2026-02-01,194,3.0,0,0,0,,mean,cbbb_monetary.csv,2007-01-01,2026-02-01
gross_foreign_assets_reserve_position_in_imf,MASS0011,gross_foreign_assets_reserve_position_in_imf,,monthly,2007-01-01,2026-02-01,194,3.0,0,0,0,,mean,cbbb_monetary.csv,2007-01-01,2026-02-01
gross_foreign_assets_sdr_holdings,MASS0012,gross_foreign_assets_sdr_holdings,,monthly,2007-01-01,2026-02-01,194,3.0,0,0,0,,mean,cbbb_monetary.csv,2007-01-01,2026-02-01
gross_foreign_assets_total,MASS0002,gross_foreign_assets_total,,monthly,2007-01-01,2026-02-01,194,3.0,0,0,0,,mean,cbbb_monetary.csv,2007-01-01,2026-02-01
gross_intl_reserves,MASS0001,gross_intl_reserves,,monthly,2007-01-01,2026-02-01,194,3.0,0,0,0,,mean,cbbb_monetary.csv,2007-01-01,2026-02-01
gt_all_inclusive_hotel_barbados_worldwide,UGTR0029,gt_all_inclusive_hotel_barbados_worldwide,,monthly,2004-05-01,2026-02-01,15,3.0,0,0,1,,mean,gtrends.csv,2004-05-01,2026-02-01
gt_apartment_rent_bb,UGTR0001,gt_apartment_rent_bb,,monthly,2009-04-01,2026-05-01,33,0.0,0,0,1,,mean,gtrends.csv,2009-04-01,2026-05-01
gt_barbados_airbnb_worldwide,UGTR0030,gt_barbados_airbnb_worldwide,,monthly,2012-11-01,2026-05-01,152,0.0,0,0,1,,mean,gtrends.csv,2012-11-01,2026-05-01
gt_barbados_all_inclusive_worldwide,UGTR0026,gt_barbados_all_inclusive_worldwide,,monthly,2004-01-01,2026-05-01,197,0.0,0,0,1,,mean,gtrends.csv,2004-01-01,2026-05-01
gt_barbados_all_inclusive_worldwide,UGTR0027,gt_barbados_all_inclusive_worldwide,,monthly,2004-01-01,2026-05-01,0,0.0,0,0,1,,mean,gtrends.csv,2004-01-01,2026-05-01
gt_barbados_beaches_bb,UGTR0021,gt_barbados_beaches_bb,,monthly,2012-08-01,2026-05-01,132,0.0,0,0,1,,mean,gtrends.csv,2012-08-01,2026-05-01
gt_barbados_beaches_worldwide,UGTR0031,gt_barbados_beaches_worldwide,,monthly,2004-01-01,2026-05-01,197,0.0,0,0,1,,mean,gtrends.csv,2004-01-01,2026-05-01
gt_barbados_carnival_worldwide,UGTR0002,gt_barbados_carnival_worldwide,,monthly,2004-09-01,2026-05-01,197,0.0,0,0,1,,mean,gtrends.csv,2004-09-01,2026-05-01
gt_barbados_crop_over_worldwide,UGTR0003,gt_barbados_crop_over_worldwide,,monthly,2005-06-01,2026-05-01,197,0.0,0,0,1,,mean,gtrends.csv,2005-06-01,2026-05-01
gt_barbados_flights_worldwide,UGTR0004,gt_barbados_flights_worldwide,,monthly,2004-01-01,2026-05-01,197,0.0,0,0,1,,mean,gtrends.csv,2004-01-01,2026-05-01
gt_barbados_hotels_worldwide,UGTR0005,gt_barbados_hotels_worldwide,,monthly,2004-01-01,2026-05-01,197,0.0,0,0,1,,mean,gtrends.csv,2004-01-01,2026-05-01
gt_barbados_real_estate_worldwide,UGTR0006,gt_barbados_real_estate_worldwide,,monthly,2004-01-01,2026-05-01,197,0.0,0,0,1,,mean,gtrends.csv,2004-01-01,2026-05-01
gt_barbados_rental_car_worldwide,UGTR0007,gt_barbados_rental_car_worldwide,,monthly,2004-06-01,2026-05-01,197,0.0,0,0,1,,mean,gtrends.csv,2004-06-01,2026-05-01
gt_barbados_tours_worldwide,UGTR0008,gt_barbados_tours_worldwide,,monthly,2004-01-01,2026-05-01,197,0.0,0,0,1,,mean,gtrends.csv,2004-01-01,2026-05-01
gt_barbados_what_to_do_worldwide,UGTR0009,gt_barbados_what_to_do_worldwide,,monthly,2006-08-01,2026-05-01,197,0.0,0,0,1,,mean,gtrends.csv,2006-08-01,2026-05-01
gt_beachfront_hotel_bb,UGTR0023,gt_beachfront_hotel_bb,,monthly,2006-10-01,2018-04-01,1,97.0,0,0,1,,mean,gtrends.csv,2006-10-01,2018-04-01
gt_bitcoin_bb,UGTR0010,gt_bitcoin_bb,,monthly,2013-05-01,2026-05-01,126,0.0,0,0,1,,mean,gtrends.csv,2013-05-01,2026-05-01
gt_crop_over_bb,UGTR0011,gt_crop_over_bb,,monthly,2006-08-01,2026-05-01,126,0.0,0,0,1,,mean,gtrends.csv,2006-08-01,2026-05-01
gt_cruise_barbados_worldwide,UGTR0012,gt_cruise_barbados_worldwide,,monthly,2004-01-01,2026-05-01,197,0.0,0,0,1,,mean,gtrends.csv,2004-01-01,2026-05-01
gt_flights_london_bb,UGTR0013,gt_flights_london_bb,,monthly,2005-11-01,2026-05-01,73,0.0,0,0,1,,mean,gtrends.csv,2005-11-01,2026-05-01
gt_flights_miami_bb,UGTR0014,gt_flights_miami_bb,,monthly,2014-08-01,2026-05-01,60,0.0,0,0,1,,mean,gtrends.csv,2014-08-01,2026-05-01
gt_massy_bb,UGTR0015,gt_massy_bb,,monthly,2014-07-01,2026-05-01,143,0.0,0,0,1,,mean,gtrends.csv,2014-07-01,2026-05-01
gt_pricesmart_bb,UGTR0016,gt_pricesmart_bb,,monthly,2004-12-01,2026-05-01,186,0.0,0,0,1,,mean,gtrends.csv,2004-12-01,2026-05-01
gt_resorts_barbados_worldwide,UGTR0017,gt_resorts_barbados_worldwide,,monthly,2004-01-01,2026-05-01,197,0.0,0,0,1,,mean,gtrends.csv,2004-01-01,2026-05-01
gt_restaurants_bb,UGTR0018,gt_restaurants_bb,,monthly,2006-04-01,2026-05-01,192,0.0,0,0,1,,mean,gtrends.csv,2006-04-01,2026-05-01
gt_rum_bb,UGTR0024,gt_rum_bb,,monthly,2008-05-01,2026-05-01,193,0.0,0,0,1,,mean,gtrends.csv,2008-05-01,2026-05-01
gt_supermarkets_barbados_bb,UGTR0025,gt_supermarkets_barbados_bb,,monthly,2020-03-01,2026-05-01,15,0.0,0,0,1,,mean,gtrends.csv,2020-03-01,2026-05-01
gt_supermarkets_barbados_worldwide,UGTR0028,gt_supermarkets_barbados_worldwide,,monthly,2004-08-01,2026-05-01,69,0.0,0,0,1,,mean,gtrends.csv,2004-08-01,2026-05-01
gt_supermarkets_bb,UGTR0022,gt_supermarkets_bb,,monthly,2010-01-01,2026-05-01,65,0.0,0,0,1,,mean,gtrends.csv,2010-01-01,2026-05-01
gt_suzuki_bb,UGTR0019,gt_suzuki_bb,,monthly,2005-05-01,2026-05-01,197,0.0,0,0,1,,mean,gtrends.csv,2005-05-01,2026-05-01
gt_toyota_bb,UGTR0020,gt_toyota_bb,,monthly,2004-05-01,2026-05-01,197,0.0,0,0,1,,mean,gtrends.csv,2004-05-01,2026-05-01
gtrends_mean,UGTR0000,gtrends_mean,,monthly,2004-01-01,2026-05-01,197,0.0,0,0,1,,mean,gtrends.csv,2004-01-01,2026-05-01
imp,TBBI0000,imp,,monthly,1978-01-01,2025-12-01,192,5.0,1,0,0,,sum,bb_tradein_g1.csv,1978-01-01,2025-12-01
imp_antigua,TBBI1001,imp_antigua,,monthly,1978-01-01,2025-12-01,192,5.0,0,0,0,,sum,bb_tradein_g3a.csv,1978-01-01,2025-12-01
imp_bahamas,TBBI1002,imp_bahamas,,monthly,2002-01-01,2025-12-01,192,5.0,0,0,0,,sum,bb_tradein_g3a.csv,2002-01-01,2025-12-01
imp_belize,TBBI1003,imp_belize,,monthly,1978-01-01,2025-12-01,192,5.0,0,0,0,,sum,bb_tradein_g3a.csv,1978-01-01,2025-12-01
imp_canada,TBBI1004,imp_canada,,monthly,2002-01-01,2025-12-01,192,5.0,0,0,0,,sum,bb_tradein_g3a.csv,2002-01-01,2025-12-01
imp_capital_goods___other,TBBI1005,imp_capital_goods___other,,monthly,2002-01-01,2025-12-01,192,5.0,0,0,0,,sum,bb_tradein_g3b.csv,2002-01-01,2025-12-01
imp_capital_goods__machinery,TBBI1006,imp_capital_goods__machinery,,monthly,2002-01-01,2025-12-01,192,5.0,0,0,0,,sum,bb_tradein_g3b.csv,2002-01-01,2025-12-01
imp_capital_goods__total_capital,TBBI1007,imp_capital_goods__total_capital,,monthly,2002-01-01,2025-12-01,192,5.0,0,0,0,,sum,bb_tradein_g3b.csv,2002-01-01,2025-12-01
imp_capital_goods__unclassified_goods,TBBI1008,imp_capital_goods__unclassified_goods,,monthly,2002-01-01,2025-12-01,192,5.0,0,0,0,,sum,bb_tradein_g3b.csv,2002-01-01,2025-12-01
imp_consumer_goods_durable_motor_cars,TBBI1009,imp_consumer_goods_durable_motor_cars,,monthly,2002-01-01,2025-12-01,192,5.0,0,0,0,,sum,bb_tradein_g3b.csv,2002-01-01,2025-12-01
imp_consumer_goods_durable_other,TBBI1010,imp_consumer_goods_durable_other,,monthly,2002-01-01,2025-12-01,192,5.0,0,0,0,,sum,bb_tradein_g3b.csv,2002-01-01,2025-12-01
imp_consumer_goods_durable_other_manufactured_goods,TBBI1011,imp_consumer_goods_durable_other_manufactured_goods,,monthly,2002-01-01,2025-12-01,192,5.0,0,0,0,,sum,bb_tradein_g3b.csv,2002-01-01,2025-12-01
imp_consumer_goods_durable_total_durable,TBBI1012,imp_consumer_goods_durable_total_durable,,monthly,2002-01-01,2025-12-01,192,5.0,0,0,0,,sum,bb_tradein_g3b.csv,2002-01-01,2025-12-01
imp_consumer_goods_nondurable_food_and_beverages,TBBI1013,imp_consumer_goods_nondurable_food_and_beverages,,monthly,2002-01-01,2025-12-01,192,5.0,0,0,0,,sum,bb_tradein_g3b.csv,2002-01-01,2025-12-01
imp_consumer_goods_nondurable_other,TBBI1014,imp_consumer_goods_nondurable_other,,monthly,2002-01-01,2025-12-01,192,5.0,0,0,0,,sum,bb_tradein_g3b.csv,2002-01-01,2025-12-01
imp_consumer_goods_nondurable_total_nondurable,TBBI1015,imp_consumer_goods_nondurable_total_nondurable,,monthly,2002-01-01,2025-12-01,192,5.0,0,0,0,,sum,bb_tradein_g3b.csv,2002-01-01,2025-12-01
imp_consumer_goods_total_consumer,TBBI1016,imp_consumer_goods_total_consumer,,monthly,2002-01-01,2025-12-01,192,5.0,0,0,0,,sum,bb_tradein_g3b.csv,2002-01-01,2025-12-01
imp_dominica,TBBI1017,imp_dominica,,monthly,1978-01-01,2025-12-01,192,5.0,0,0,0,,sum,bb_tradein_g3a.csv,1978-01-01,2025-12-01
imp_eu,TBBI1018,imp_eu,,monthly,1988-01-01,2026-02-01,194,3.0,0,0,0,,sum,eu_trade.csv,1988-01-01,2026-02-01
imp_grenada,TBBI1019,imp_grenada,,monthly,1978-01-01,2025-12-01,192,5.0,0,0,0,,sum,bb_tradein_g3a.csv,1978-01-01,2025-12-01
imp_guyana,TBBI1020,imp_guyana,,monthly,1978-01-01,2025-12-01,192,5.0,0,0,0,,sum,bb_tradein_g3a.csv,1978-01-01,2025-12-01
imp_intermediate_goods__chemicals,TBBI1021,imp_intermediate_goods__chemicals,,monthly,2002-01-01,2025-12-01,192,5.0,0,0,0,,sum,bb_tradein_g3b.csv,2002-01-01,2025-12-01
imp_intermediate_goods__construction_materials,TBBI1022,imp_intermediate_goods__construction_materials,,monthly,2002-01-01,2025-12-01,192,5.0,0,0,0,,sum,bb_tradein_g3b.csv,2002-01-01,2025-12-01
imp_intermediate_goods__electrical_components,TBBI1023,imp_intermediate_goods__electrical_components,,monthly,2002-01-01,2025-12-01,192,5.0,0,0,0,,sum,bb_tradein_g3b.csv,2002-01-01,2025-12-01
imp_intermediate_goods__feed_fat__crude_materials,TBBI1024,imp_intermediate_goods__feed_fat__crude_materials,,monthly,2002-01-01,2025-12-01,192,5.0,0,0,0,,sum,bb_tradein_g3b.csv,2002-01-01,2025-12-01
imp_intermediate_goods__fuel,TBBI1025,imp_intermediate_goods__fuel,,monthly,2002-01-01,2025-12-01,192,5.0,0,0,0,,sum,bb_tradein_g3b.csv,2002-01-01,2025-12-01
imp_intermediate_goods__other_manufactures,TBBI1026,imp_intermediate_goods__other_manufactures,,monthly,2002-01-01,2025-12-01,192,5.0,0,0,0,,sum,bb_tradein_g3b.csv,2002-01-01,2025-12-01
imp_intermediate_goods__textiles,TBBI1027,imp_intermediate_goods__textiles,,monthly,2002-01-01,2025-12-01,192,5.0,0,0,0,,sum,bb_tradein_g3b.csv,2002-01-01,2025-12-01
imp_intermediate_goods__total_intermediate,TBBI1028,imp_intermediate_goods__total_intermediate,,monthly,2002-01-01,2025-12-01,192,5.0,0,0,0,,sum,bb_tradein_g3b.csv,2002-01-01,2025-12-01
imp_jamaica,TBBI1029,imp_jamaica,,monthly,1978-01-01,2025-12-01,192,5.0,0,0,0,,sum,bb_tradein_g3a.csv,1978-01-01,2025-12-01
imp_japan,TBBI1030,imp_japan,,monthly,2002-01-01,2025-12-01,192,5.0,0,0,0,,sum,bb_tradein_g3a.csv,2002-01-01,2025-12-01
imp_montserrat,TBBI1031,imp_montserrat,,monthly,1978-01-01,2025-12-01,192,5.0,0,0,0,,sum,bb_tradein_g3a.csv,1978-01-01,2025-12-01
imp_selected,TBBI1032,imp_selected,,monthly,1978-01-01,2025-12-01,192,5.0,0,0,0,,sum,bb_tradein_g3a.csv,1978-01-01,2025-12-01
imp_st_kitts,TBBI1033,imp_st_kitts,,monthly,1978-01-01,2025-12-01,192,5.0,0,0,0,,sum,bb_tradein_g3a.csv,1978-01-01,2025-12-01
imp_st_lucia,TBBI1034,imp_st_lucia,,monthly,1978-01-01,2025-12-01,192,5.0,0,0,0,,sum,bb_tradein_g3a.csv,1978-01-01,2025-12-01
imp_st_vincent,TBBI1035,imp_st_vincent,,monthly,1978-01-01,2025-12-01,192,5.0,0,0,0,,sum,bb_tradein_g3a.csv,1978-01-01,2025-12-01
imp_total,TBBI1036,imp_total,,monthly,2002-01-01,2025-12-01,192,5.0,0,0,0,,sum,bb_tradein_g3b.csv,2002-01-01,2025-12-01
imp_trinidad__tobago,TBBI1037,imp_trinidad__tobago,,monthly,1978-01-01,2025-12-01,192,5.0,0,0,0,,sum,bb_tradein_g3a.csv,1978-01-01,2025-12-01
imp_uk,TBBI1038,imp_uk,,monthly,2018-01-01,2025-12-01,96,5.0,0,0,0,,sum,uk_trade.csv,2018-01-01,2025-12-01
imp_usa,TBBI1039,imp_usa,,monthly,2002-01-01,2025-12-01,192,5.0,0,0,0,,sum,bb_tradein_g3a.csv,2002-01-01,2025-12-01
imp_venezuela,TBBI1040,imp_venezuela,,monthly,2002-01-01,2025-12-01,192,5.0,0,0,0,,sum,bb_tradein_g3a.csv,2002-01-01,2025-12-01
imports_can,TIMP0001,imports_can,,monthly,1996-01-01,2026-03-01,195,2.0,0,0,0,,sum,canada_imports.csv,1996-01-01,2026-03-01
indirect_tax_revenue,FTAX0001,indirect_tax_revenue,,quarterly,1995-03-01,2025-09-01,63,8.0,0,0,0,,mean,cbbb_fiscal.csv,1995-03-01,2025-09-01
interest_component_of_current_expenditure,FINT00000,interest_component_of_current_expenditure,,quarterly,1995-03-01,2025-09-01,63,8.0,0,0,0,,mean,cbbb_fiscal.csv,1995-03-01,2025-09-01
interest_margin_to_gross_income,FSOU0009,interest_margin_to_gross_income,,quarterly,2016-12-01,2025-12-01,37,5.0,0,0,0,,mean,cbbb_finsound.csv,2016-12-01,2025-12-01
labour_force,RLAB0000,labour_force,,monthly,,,0,,0,0,0,,mean,,,
labour_force_female,RLAB0002,labour_force_female,,monthly,,,0,,0,0,0,,mean,,,
labour_force_male,RLAB0001,labour_force_male,,monthly,,,0,,0,0,0,,mean,,,
leases,FLOA0011,leases,,monthly,2012-01-01,2026-02-01,170,3.0,0,0,0,,mean,cbbb_loans.csv,2012-01-01,2026-02-01
leases.1,FLOA0017,leases.1,,monthly,2012-01-01,2026-02-01,170,3.0,0,0,0,,mean,cbbb_loans.csv,2012-01-01,2026-02-01
liquid_assets_to_short_term_liabilities,FSOU0012,liquid_assets_to_short_term_liabilities,,quarterly,2016-12-01,2025-12-01,37,5.0,0,0,0,,mean,cbbb_finsound.csv,2016-12-01,2025-12-01
liquid_assets_to_total_assets,FSOU0011,liquid_assets_to_total_assets,,quarterly,2016-12-01,2025-12-01,37,5.0,0,0,0,,mean,cbbb_finsound.csv,2016-12-01,2025-12-01
loan_concentration_by_economic_activity,FSOU0005,loan_concentration_by_economic_activity,,quarterly,2016-12-01,2025-12-01,37,5.0,0,0,0,,mean,cbbb_finsound.csv,2016-12-01,2025-12-01
loans_mortgage,FDEP0011,loans_mortgage,,monthly,2007-01-01,2026-02-01,194,3.0,0,0,0,,mean,cbbb_interest.csv,2007-01-01,2026-02-01
loans_prime_lending_max,FDEP0010,loans_prime_lending_max,,monthly,1992-01-01,2026-02-01,194,3.0,0,0,0,,mean,cbbb_interest.csv,1992-01-01,2026-02-01
loans_prime_lending_min,FDEP0009,loans_prime_lending_min,,monthly,1992-01-01,2026-02-01,194,3.0,0,0,0,,mean,cbbb_interest.csv,1992-01-01,2026-02-01
loans_weighted_average_selected_loans,FDEP0013,loans_weighted_average_selected_loans,,monthly,1991-01-01,2026-02-01,194,3.0,0,0,0,,mean,cbbb_interest.csv,1991-01-01,2026-02-01
loans_weighted_average_total_loans,FDEP0012,loans_weighted_average_total_loans,,monthly,1991-01-01,2026-02-01,194,3.0,0,0,0,,mean,cbbb_interest.csv,1991-01-01,2026-02-01
monetary_base_liabilities_to_odcs_demand_deposits_domestic_commercial_banks,MASS0021,monetary_base_liabilities_to_odcs_demand_deposits_domestic_commercial_banks,,monthly,2007-01-01,2026-02-01,194,3.0,0,0,0,,mean,cbbb_monetary.csv,2007-01-01,2026-02-01
monetary_base_liabilities_to_odcs_demand_deposits_domestic_part_iii_entities,MASS0022,monetary_base_liabilities_to_odcs_demand_deposits_domestic_part_iii_entities,,monthly,2007-01-01,2026-02-01,194,3.0,0,0,0,,mean,cbbb_monetary.csv,2007-01-01,2026-02-01
monetary_base_liabilities_to_odcs_foreign_reserves_of_banks_and_part_iii_entities,MASS0023,monetary_base_liabilities_to_odcs_foreign_reserves_of_banks_and_part_iii_entities,,monthly,2007-01-01,2026-02-01,194,3.0,0,0,0,,mean,cbbb_monetary.csv,2007-01-01,2026-02-01
monetary_base_liabilities_to_odcs_total,MASS0020,monetary_base_liabilities_to_odcs_total,,monthly,2007-01-01,2026-02-01,194,3.0,0,0,0,,mean,cbbb_monetary.csv,2007-01-01,2026-02-01
monetary_base_mb,MASS0024,monetary_base_mb,,monthly,2007-01-01,2026-02-01,194,3.0,0,0,0,,mean,cbbb_monetary.csv,2007-01-01,2026-02-01
monetary_base_notes_and_coins_issued_by_central_bank,MASS0019,monetary_base_notes_and_coins_issued_by_central_bank,,monthly,2007-01-01,2026-02-01,194,3.0,0,0,0,,mean,cbbb_monetary.csv,2007-01-01,2026-02-01
money_holders_in_national_currency_other_financial_corporations,FLOA0043,money_holders_in_national_currency_other_financial_corporations,,monthly,2012-01-01,2026-02-01,170,3.0,0,0,0,,mean,cbbb_loans.csv,2012-01-01,2026-02-01
money_holders_in_national_currency_other_resident_sectors,FLOA0046,money_holders_in_national_currency_other_resident_sectors,,monthly,2012-01-01,2026-02-01,170,3.0,0,0,0,,mean,cbbb_loans.csv,2012-01-01,2026-02-01
money_holders_in_national_currency_private_non_financial_corporations,FLOA0045,money_holders_in_national_currency_private_non_financial_corporations,,monthly,2012-01-01,2026-02-01,170,3.0,0,0,0,,mean,cbbb_loans.csv,2012-01-01,2026-02-01
money_holders_in_national_currency_public_non_financial_corporations,FLOA0044,money_holders_in_national_currency_public_non_financial_corporations,,monthly,2012-01-01,2026-02-01,170,3.0,0,0,0,,mean,cbbb_loans.csv,2012-01-01,2026-02-01
money_holders_in_national_currency_total_money_holders,FLOA0047,money_holders_in_national_currency_total_money_holders,,monthly,2012-01-01,2026-02-01,170,3.0,0,0,0,,mean,cbbb_loans.csv,2012-01-01,2026-02-01
money_issuers_in_national_currency_central_bank,FLOA0037,money_issuers_in_national_currency_central_bank,,monthly,2012-01-01,2026-02-01,170,3.0,0,0,0,,mean,cbbb_loans.csv,2012-01-01,2026-02-01
money_issuers_in_national_currency_other_depository_corporations,FLOA0038,money_issuers_in_national_currency_other_depository_corporations,,monthly,2012-01-01,2026-02-01,170,3.0,0,0,0,,mean,cbbb_loans.csv,2012-01-01,2026-02-01
money_issuers_in_national_currency_total_money_issuers,FLOA0039,money_issuers_in_national_currency_total_money_issuers,,monthly,2012-01-01,2026-02-01,170,3.0,0,0,0,,mean,cbbb_loans.csv,2012-01-01,2026-02-01
money_neutral_in_national_currency_government,FLOA0040,money_neutral_in_national_currency_government,,monthly,2012-01-01,2026-02-01,170,3.0,0,0,0,,mean,cbbb_loans.csv,2012-01-01,2026-02-01
money_neutral_in_national_currency_non_residents,FLOA0041,money_neutral_in_national_currency_non_residents,,monthly,2012-01-01,2026-02-01,170,3.0,0,0,0,,mean,cbbb_loans.csv,2012-01-01,2026-02-01
money_neutral_in_national_currency_total_money_neutral,FLOA0042,money_neutral_in_national_currency_total_money_neutral,,monthly,2012-01-01,2026-02-01,170,3.0,0,0,0,,mean,cbbb_loans.csv,2012-01-01,2026-02-01
mortgages,FLOA0009,mortgages,,monthly,2012-01-01,2026-02-01,170,3.0,0,0,0,,mean,cbbb_loans.csv,2012-01-01,2026-02-01
mortgages.1,FLOA0015,mortgages.1,,monthly,2012-01-01,2026-02-01,170,3.0,0,0,0,,mean,cbbb_loans.csv,2012-01-01,2026-02-01
net_domestic_assets_credit_to_commercial_banks,MASS0036,net_domestic_assets_credit_to_commercial_banks,,monthly,2007-01-01,2026-02-01,194,3.0,0,0,0,,mean,cbbb_monetary.csv,2007-01-01,2026-02-01
net_domestic_assets_deposit_liabilities_to_non_monetary_intl_organisations,MASS0038,net_domestic_assets_deposit_liabilities_to_non_monetary_intl_organisations,,monthly,2007-01-01,2026-02-01,194,3.0,0,0,0,,mean,cbbb_monetary.csv,2007-01-01,2026-02-01
net_domestic_assets_nda,MASS0025,net_domestic_assets_nda,,monthly,2007-01-01,2026-02-01,194,3.0,0,0,0,,mean,cbbb_monetary.csv,2007-01-01,2026-02-01
net_domestic_assets_net_claims_on_public_sector_deposit_liabilities_to_decentralised_agencies,MASS0034,net_domestic_assets_net_claims_on_public_sector_deposit_liabilities_to_decentralised_agencies,,monthly,2007-01-01,2026-02-01,194,3.0,0,0,0,,mean,cbbb_monetary.csv,2007-01-01,2026-02-01
net_domestic_assets_net_claims_on_public_sector_deposit_liabilities_to_insurance_funds_and_levies,MASS0033,net_domestic_assets_net_claims_on_public_sector_deposit_liabilities_to_insurance_funds_and_levies,,monthly,2007-01-01,2026-02-01,194,3.0,0,0,0,,mean,cbbb_monetary.csv,2007-01-01,2026-02-01
net_domestic_assets_net_claims_on_public_sector_net_credit_to_government,MASS0026,net_domestic_assets_net_claims_on_public_sector_net_credit_to_government,,monthly,2007-01-01,2026-02-01,194,3.0,0,0,0,,mean,cbbb_monetary.csv,2007-01-01,2026-02-01
net_domestic_assets_net_claims_on_public_sector_net_credit_to_government.1,MASS0027,net_domestic_assets_net_claims_on_public_sector_net_credit_to_government.1,,monthly,2007-01-01,2026-02-01,194,3.0,0,0,0,,mean,cbbb_monetary.csv,2007-01-01,2026-02-01
net_domestic_assets_net_claims_on_public_sector_net_credit_to_government.2,MASS0028,net_domestic_assets_net_claims_on_public_sector_net_credit_to_government.2,,monthly,2007-01-01,2026-02-01,194,3.0,0,0,0,,mean,cbbb_monetary.csv,2007-01-01,2026-02-01
net_domestic_assets_net_claims_on_public_sector_net_credit_to_government.3,MASS0029,net_domestic_assets_net_claims_on_public_sector_net_credit_to_government.3,,monthly,2007-01-01,2026-02-01,194,3.0,0,0,0,,mean,cbbb_monetary.csv,2007-01-01,2026-02-01
net_domestic_assets_net_claims_on_public_sector_net_credit_to_government.4,MASS0030,net_domestic_assets_net_claims_on_public_sector_net_credit_to_government.4,,monthly,2007-01-01,2026-02-01,194,3.0,0,0,0,,mean,cbbb_monetary.csv,2007-01-01,2026-02-01
net_domestic_assets_net_claims_on_public_sector_net_credit_to_government.5,MASS0031,net_domestic_assets_net_claims_on_public_sector_net_credit_to_government.5,,monthly,2007-01-01,2026-02-01,194,3.0,0,0,0,,mean,cbbb_monetary.csv,2007-01-01,2026-02-01
net_domestic_assets_net_claims_on_public_sector_net_credit_to_government.6,MASS0032,net_domestic_assets_net_claims_on_public_sector_net_credit_to_government.6,,monthly,2007-01-01,2026-02-01,194,3.0,0,0,0,,mean,cbbb_monetary.csv,2007-01-01,2026-02-01
net_domestic_assets_net_claims_on_public_sector_total,MASS0035,net_domestic_assets_net_claims_on_public_sector_total,,monthly,2007-01-01,2026-02-01,194,3.0,0,0,0,,mean,cbbb_monetary.csv,2007-01-01,2026-02-01
net_domestic_assets_net_credit_to_rest_of_financial_system,MASS0037,net_domestic_assets_net_credit_to_rest_of_financial_system,,monthly,2007-01-01,2026-02-01,194,3.0,0,0,0,,mean,cbbb_monetary.csv,2007-01-01,2026-02-01
net_domestic_assets_official_capital_and_reserves,MASS0040,net_domestic_assets_official_capital_and_reserves,,monthly,2007-01-01,2026-02-01,194,3.0,0,0,0,,mean,cbbb_monetary.csv,2007-01-01,2026-02-01
net_domestic_assets_other,MASS0041,net_domestic_assets_other,,monthly,2007-01-01,2026-02-01,194,3.0,0,0,0,,mean,cbbb_monetary.csv,2007-01-01,2026-02-01
net_domestic_assets_sdr_allocations,MASS0039,net_domestic_assets_sdr_allocations,,monthly,2007-01-01,2026-02-01,194,3.0,0,0,0,,mean,cbbb_monetary.csv,2007-01-01,2026-02-01
net_exp,TNET0000,net_exp,,monthly,1978-01-01,2025-12-01,192,5.0,1,0,0,,sum,bb_tradein_g1.csv,1978-01-01,2025-12-01
net_intl_reserves,MRRI0000,net_intl_reserves,,monthly,2007-01-01,2026-02-01,194,3.0,0,0,0,,mean,cbbb_monetary.csv,2007-01-01,2026-02-01
net_lending,FLEN0000,net_lending,,quarterly,1995-03-01,2025-09-01,63,8.0,0,0,0,,mean,cbbb_fiscal.csv,1995-03-01,2025-09-01
net_open_position_in_foreign_exchange_to_capital,FSOU0013,net_open_position_in_foreign_exchange_to_capital,,quarterly,2016-12-01,2025-12-01,37,5.0,0,0,0,,mean,cbbb_finsound.csv,2016-12-01,2025-12-01
nir,MASS0018,nir,,monthly,2007-01-01,2026-02-01,194,3.0,0,0,0,,mean,cbbb_monetary.csv,2007-01-01,2026-02-01
non_tax_revenue_grants,FTAX0002,non_tax_revenue_grants,,quarterly,1995-03-01,2025-09-01,63,8.0,0,0,0,,mean,cbbb_fiscal.csv,1995-03-01,2025-09-01
non_tax_revenue_grants_grants,FTAX0020,non_tax_revenue_grants_grants,,quarterly,1995-03-01,2025-09-01,63,8.0,0,0,0,,mean,cbbb_fiscal.csv,1995-03-01,2025-09-01
non_tax_revenue_grants_non_tax_revenue,FTAX0019,non_tax_revenue_grants_non_tax_revenue,,quarterly,1995-03-01,2025-09-01,63,8.0,0,0,0,,mean,cbbb_fiscal.csv,1995-03-01,2025-09-01
non_tax_revenue_grants_post_office,FTAX0021,non_tax_revenue_grants_post_office,,quarterly,1995-03-01,2025-09-01,63,8.0,0,0,0,,mean,cbbb_fiscal.csv,1995-03-01,2025-09-01
non_tax_revenue_grants_total,FTAX0022,non_tax_revenue_grants_total,,quarterly,1995-03-01,2024-12-01,60,17.0,0,0,0,,mean,cbbb_fiscal.csv,1995-03-01,2024-12-01
noninterest_expenses_to_gross_income,FSOU0010,noninterest_expenses_to_gross_income,,quarterly,2016-12-01,2025-12-01,37,5.0,0,0,0,,mean,cbbb_finsound.csv,2016-12-01,2025-12-01
nonperforming_loans_net_of_provisions_to_capital,FSOU0002,nonperforming_loans_net_of_provisions_to_capital,,quarterly,2016-12-01,2025-12-01,37,5.0,0,0,0,,mean,cbbb_finsound.csv,2016-12-01,2025-12-01
nonperforming_loans_to_total_gross_loans,FSOU0004,nonperforming_loans_to_total_gross_loans,,quarterly,2016-12-01,2025-12-01,37,5.0,0,0,0,,mean,cbbb_finsound.csv,2016-12-01,2025-12-01
ntl1_airport_meanw30,UTNL1001,ntl1_airport_meanw30,,monthly,2012-01-01,2026-05-01,171,1.0,0,0,1,,mean,,2012-01-01,2026-05-01
ntl1_airport_sumw30,UNTL1101,ntl1_airport_sumw30,,monthly,2012-01-01,2026-05-01,171,1.0,0,0,1,,mean,,2012-01-01,2026-05-01
ntl1_apartment vacation rental_meanw30,UTNL1002,ntl1_apartment vacation rental_meanw30,,monthly,2012-01-01,2026-05-01,171,1.0,0,0,1,,mean,,2012-01-01,2026-05-01
ntl1_apartment vacation rental_sumw30,UNTL1102,ntl1_apartment vacation rental_sumw30,,monthly,2012-01-01,2026-05-01,171,1.0,0,0,1,,mean,,2012-01-01,2026-05-01
ntl1_enterteinment_meanw30,UTNL1003,ntl1_enterteinment_meanw30,,monthly,2012-01-01,2026-05-01,171,1.0,0,0,1,,mean,,2012-01-01,2026-05-01
ntl1_enterteinment_sumw30,UNTL1103,ntl1_enterteinment_sumw30,,monthly,2012-01-01,2026-05-01,171,1.0,0,0,1,,mean,,2012-01-01,2026-05-01
ntl1_guest houses rentals_meanw30,UTNL1004,ntl1_guest houses rentals_meanw30,,monthly,2012-01-01,2026-05-01,171,1.0,0,0,1,,mean,,2012-01-01,2026-05-01
ntl1_guest houses rentals_sumw30,UNTL1104,ntl1_guest houses rentals_sumw30,,monthly,2012-01-01,2026-05-01,171,1.0,0,0,1,,mean,,2012-01-01,2026-05-01
ntl1_hotel_meanw30,UTNL1005,ntl1_hotel_meanw30,,monthly,2012-01-01,2026-05-01,171,1.0,0,0,1,,mean,,2012-01-01,2026-05-01
ntl1_hotel_sumw30,UNTL1105,ntl1_hotel_sumw30,,monthly,2012-01-01,2026-05-01,171,1.0,0,0,1,,mean,,2012-01-01,2026-05-01
ntl1_industry_meanw30,UTNL1006,ntl1_industry_meanw30,,monthly,2012-01-01,2026-05-01,171,1.0,0,0,1,,mean,,2012-01-01,2026-05-01
ntl1_industry_sumw30,UNTL1106,ntl1_industry_sumw30,,monthly,2012-01-01,2026-05-01,171,1.0,0,0,1,,mean,,2012-01-01,2026-05-01
ntl1_meanw30,UNTL1000,ntl1_meanw30,,monthly,2012-01-01,2026-05-01,171,1.0,0,0,1,,mean,,2012-01-01,2026-05-01
ntl1_neighbourhood_meanw30,UTNL1007,ntl1_neighbourhood_meanw30,,monthly,2012-01-01,2026-05-01,171,1.0,0,0,1,,mean,,2012-01-01,2026-05-01
ntl1_neighbourhood_sumw30,UNTL1107,ntl1_neighbourhood_sumw30,,monthly,2012-01-01,2026-05-01,171,1.0,0,0,1,,mean,,2012-01-01,2026-05-01
ntl1_port_meanw30,UTNL1008,ntl1_port_meanw30,,monthly,2012-01-01,2026-05-01,171,1.0,0,0,1,,mean,,2012-01-01,2026-05-01
ntl1_port_sumw30,UNTL1108,ntl1_port_sumw30,,monthly,2012-01-01,2026-05-01,171,1.0,0,0,1,,mean,,2012-01-01,2026-05-01
ntl1_prepared food cluster_meanw30,UTNL1009,ntl1_prepared food cluster_meanw30,,monthly,2012-01-01,2026-05-01,171,1.0,0,0,1,,mean,,2012-01-01,2026-05-01
ntl1_prepared food cluster_sumw30,UNTL1109,ntl1_prepared food cluster_sumw30,,monthly,2012-01-01,2026-05-01,171,1.0,0,0,1,,mean,,2012-01-01,2026-05-01
ntl1_prepared food_meanw30,UTNL1013,ntl1_prepared food_meanw30,,monthly,2012-01-01,2026-05-01,171,1.0,0,0,1,,mean,,2012-01-01,2026-05-01
ntl1_prepared food_sumw30,UNTL1113,ntl1_prepared food_sumw30,,monthly,2012-01-01,2026-05-01,171,1.0,0,0,1,,mean,,2012-01-01,2026-05-01
ntl1_restaurants_meanw30,UTNL1010,ntl1_restaurants_meanw30,,monthly,2012-01-01,2026-05-01,171,1.0,0,0,1,,mean,,2012-01-01,2026-05-01
ntl1_restaurants_sumw30,UNTL1110,ntl1_restaurants_sumw30,,monthly,2012-01-01,2026-05-01,171,1.0,0,0,1,,mean,,2012-01-01,2026-05-01
ntl1_shopping malls_meanw30,UTNL1011,ntl1_shopping malls_meanw30,,monthly,2012-01-01,2026-05-01,171,1.0,0,0,1,,mean,,2012-01-01,2026-05-01
ntl1_shopping malls_sumw30,UNTL1111,ntl1_shopping malls_sumw30,,monthly,2012-01-01,2026-05-01,171,1.0,0,0,1,,mean,,2012-01-01,2026-05-01
ntl1_sumw30,UTNL1100,ntl1_sumw30,,monthly,2012-01-01,2026-05-01,171,1.0,0,0,1,,mean,,2012-01-01,2026-05-01
ntl1_supermarket_meanw30,UTNL1012,ntl1_supermarket_meanw30,,monthly,2012-01-01,2026-05-01,171,1.0,0,0,1,,mean,,2012-01-01,2026-05-01
ntl1_supermarket_sumw30,UNTL1112,ntl1_supermarket_sumw30,,monthly,2012-01-01,2026-05-01,171,1.0,0,0,1,,mean,,2012-01-01,2026-05-01
ntl3_airport_meanw30,UTNL3001,ntl3_airport_meanw30,,monthly,2012-01-01,2026-05-01,171,1.0,0,0,1,,mean,,2012-01-01,2026-05-01
ntl3_airport_sumw30,UNTL3101,ntl3_airport_sumw30,,monthly,2012-01-01,2026-05-01,171,1.0,0,0,1,,mean,,2012-01-01,2026-05-01
ntl3_apartment vacation rental_meanw30,UTNL3002,ntl3_apartment vacation rental_meanw30,,monthly,2012-01-01,2026-05-01,171,1.0,0,0,1,,mean,,2012-01-01,2026-05-01
ntl3_apartment vacation rental_sumw30,UNTL3102,ntl3_apartment vacation rental_sumw30,,monthly,2012-01-01,2026-05-01,171,1.0,0,0,1,,mean,,2012-01-01,2026-05-01
ntl3_enterteinment_meanw30,UTNL3003,ntl3_enterteinment_meanw30,,monthly,2012-01-01,2026-05-01,171,1.0,0,0,1,,mean,,2012-01-01,2026-05-01
ntl3_enterteinment_sumw30,UNTL3103,ntl3_enterteinment_sumw30,,monthly,2012-01-01,2026-05-01,171,1.0,0,0,1,,mean,,2012-01-01,2026-05-01
ntl3_guest houses rentals_meanw30,UTNL3004,ntl3_guest houses rentals_meanw30,,monthly,2012-01-01,2026-05-01,171,1.0,0,0,1,,mean,,2012-01-01,2026-05-01
ntl3_guest houses rentals_sumw30,UNTL3104,ntl3_guest houses rentals_sumw30,,monthly,2012-01-01,2026-05-01,171,1.0,0,0,1,,mean,,2012-01-01,2026-05-01
ntl3_hotel_meanw30,UTNL3005,ntl3_hotel_meanw30,,monthly,2012-01-01,2026-05-01,171,1.0,0,0,1,,mean,,2012-01-01,2026-05-01
ntl3_hotel_sumw30,UNTL3105,ntl3_hotel_sumw30,,monthly,2012-01-01,2026-05-01,171,1.0,0,0,1,,mean,,2012-01-01,2026-05-01
ntl3_industry_meanw30,UTNL3006,ntl3_industry_meanw30,,monthly,2012-01-01,2026-05-01,171,1.0,0,0,1,,mean,,2012-01-01,2026-05-01
ntl3_industry_sumw30,UNTL3106,ntl3_industry_sumw30,,monthly,2012-01-01,2026-05-01,171,1.0,0,0,1,,mean,,2012-01-01,2026-05-01
ntl3_meanw30,UNTL3000,ntl3_meanw30,,monthly,2012-01-01,2026-05-01,171,1.0,0,0,1,,mean,,2012-01-01,2026-05-01
ntl3_neighbourhood_meanw30,UTNL3007,ntl3_neighbourhood_meanw30,,monthly,2012-01-01,2026-05-01,171,1.0,0,0,1,,mean,,2012-01-01,2026-05-01
ntl3_neighbourhood_sumw30,UNTL3107,ntl3_neighbourhood_sumw30,,monthly,2012-01-01,2026-05-01,171,1.0,0,0,1,,mean,,2012-01-01,2026-05-01
ntl3_port_meanw30,UTNL3008,ntl3_port_meanw30,,monthly,2012-01-01,2026-05-01,171,1.0,0,0,1,,mean,,2012-01-01,2026-05-01
ntl3_port_sumw30,UNTL3108,ntl3_port_sumw30,,monthly,2012-01-01,2026-05-01,171,1.0,0,0,1,,mean,,2012-01-01,2026-05-01
ntl3_prepared food cluster_meanw30,UTNL3009,ntl3_prepared food cluster_meanw30,,monthly,2012-01-01,2026-05-01,171,1.0,0,0,1,,mean,,2012-01-01,2026-05-01
ntl3_prepared food cluster_sumw30,UNTL3109,ntl3_prepared food cluster_sumw30,,monthly,2012-01-01,2026-05-01,171,1.0,0,0,1,,mean,,2012-01-01,2026-05-01
ntl3_prepared food_meanw30,UTNL3013,ntl3_prepared food_meanw30,,monthly,2012-01-01,2026-05-01,171,1.0,0,0,1,,mean,,2012-01-01,2026-05-01
ntl3_prepared food_sumw30,UNTL3113,ntl3_prepared food_sumw30,,monthly,2012-01-01,2026-05-01,171,1.0,0,0,1,,mean,,2012-01-01,2026-05-01
ntl3_restaurants_meanw30,UTNL3010,ntl3_restaurants_meanw30,,monthly,2012-01-01,2026-05-01,171,1.0,0,0,1,,mean,,2012-01-01,2026-05-01
ntl3_restaurants_sumw30,UNTL3110,ntl3_restaurants_sumw30,,monthly,2012-01-01,2026-05-01,171,1.0,0,0,1,,mean,,2012-01-01,2026-05-01
ntl3_shopping malls_meanw30,UTNL3011,ntl3_shopping malls_meanw30,,monthly,2012-01-01,2026-05-01,171,1.0,0,0,1,,mean,,2012-01-01,2026-05-01
ntl3_shopping malls_sumw30,UNTL3111,ntl3_shopping malls_sumw30,,monthly,2012-01-01,2026-05-01,171,1.0,0,0,1,,mean,,2012-01-01,2026-05-01
ntl3_sumw30,UNTL3100,ntl3_sumw30,,monthly,2012-01-01,2026-05-01,171,1.0,0,0,1,,mean,,2012-01-01,2026-05-01
ntl3_supermarket_meanw30,UTNL3012,ntl3_supermarket_meanw30,,monthly,2012-01-01,2026-05-01,171,1.0,0,0,1,,mean,,2012-01-01,2026-05-01
ntl3_supermarket_sumw30,UNTL3112,ntl3_supermarket_sumw30,,monthly,2012-01-01,2026-05-01,171,1.0,0,0,1,,mean,,2012-01-01,2026-05-01
ntl_mean,UNTL0000,ntl_mean,,monthly,2012-01-01,2026-05-01,171,1.0,0,0,1,,mean,,2012-01-01,2026-05-01
ntl_sum,UNTL0001,ntl_sum,,monthly,2012-01-01,2026-05-01,171,1.0,0,0,1,,mean,,2012-01-01,2026-05-01
number of cruise calls,RTOU0001,number of cruise calls,,monthly,2010-01-01,2025-12-01,192,5.0,0,0,0,,sum,bb_tour_cruise.csv,2010-01-01,2025-12-01
number of cruise ships,RTOU0002,number of cruise ships,,monthly,2021-01-01,2025-11-01,52,6.0,0,0,0,,sum,bb_tour_cruise.csv,2021-01-01,2025-11-01
other_loans_and_advances,FLOA0012,other_loans_and_advances,,monthly,2012-01-01,2026-02-01,170,3.0,0,0,0,,mean,cbbb_loans.csv,2012-01-01,2026-02-01
other_loans_and_advances.1,FLOA0018,other_loans_and_advances.1,,monthly,2012-01-01,2026-02-01,170,3.0,0,0,0,,mean,cbbb_loans.csv,2012-01-01,2026-02-01
other_loans_and_advances.2,FLOA0019,other_loans_and_advances.2,,monthly,2012-01-01,2026-02-01,170,3.0,0,0,0,,mean,cbbb_loans.csv,2012-01-01,2026-02-01
overdrafts,FLOA0007,overdrafts,,monthly,2012-01-01,2026-02-01,170,3.0,0,0,0,,mean,cbbb_loans.csv,2012-01-01,2026-02-01
overdrafts.1,FLOA0013,overdrafts.1,,monthly,2012-01-01,2026-02-01,170,3.0,0,0,0,,mean,cbbb_loans.csv,2012-01-01,2026-02-01
passenger arrivals/intransit,RTOU0003,passenger arrivals/intransit,,monthly,2010-01-01,2025-12-01,192,5.0,0,0,0,,sum,bb_tour_cruise.csv,2010-01-01,2025-12-01
passenger arrivals/intransits,RTOU0004,passenger arrivals/intransits,,monthly,2020-01-01,2025-11-01,53,6.0,0,0,0,,sum,bb_tour_cruise.csv,2020-01-01,2025-11-01
passengers landed,RTOU0005,passengers landed,,monthly,2010-01-01,2025-12-01,192,5.0,0,0,0,,sum,bb_tour_cruise.csv,2010-01-01,2025-12-01
pop,RPOP0000,pop,,monthly,,,0,,0,0,0,,mean,,,
pop_female,RPOP0002,pop_female,,monthly,,,0,,0,0,0,,mean,,,
pop_male,RPOP0001,pop_male,,monthly,,,0,,0,0,0,,mean,,,
primary_balance,FPRI0000,primary_balance,,quarterly,1995-03-01,2025-09-01,63,8.0,0,0,0,,mean,cbbb_fiscal.csv,1995-03-01,2025-09-01
private_non_financial_corporations_foreign_currency,FLOA0035,private_non_financial_corporations_foreign_currency,,monthly,2012-01-01,2026-02-01,170,3.0,0,0,0,,mean,cbbb_loans.csv,2012-01-01,2026-02-01
private_non_financial_corporations_in_national_currency_agriculture,FLOA0020,private_non_financial_corporations_in_national_currency_agriculture,,monthly,2012-01-01,2026-02-01,170,3.0,0,0,0,,mean,cbbb_loans.csv,2012-01-01,2026-02-01
private_non_financial_corporations_in_national_currency_construction,FLOA0023,private_non_financial_corporations_in_national_currency_construction,,monthly,2012-01-01,2026-02-01,170,3.0,0,0,0,,mean,cbbb_loans.csv,2012-01-01,2026-02-01
private_non_financial_corporations_in_national_currency_distribution,FLOA0022,private_non_financial_corporations_in_national_currency_distribution,,monthly,2012-01-01,2026-02-01,170,3.0,0,0,0,,mean,cbbb_loans.csv,2012-01-01,2026-02-01
private_non_financial_corporations_in_national_currency_education,FLOA0030,private_non_financial_corporations_in_national_currency_education,,monthly,2012-01-01,2026-02-01,170,3.0,0,0,0,,mean,cbbb_loans.csv,2012-01-01,2026-02-01
private_non_financial_corporations_in_national_currency_electricity_gas_and_water_supply,FLOA0027,private_non_financial_corporations_in_national_currency_electricity_gas_and_water_supply,,monthly,2012-01-01,2026-02-01,170,3.0,0,0,0,,mean,cbbb_loans.csv,2012-01-01,2026-02-01
private_non_financial_corporations_in_national_currency_fishing,FLOA0025,private_non_financial_corporations_in_national_currency_fishing,,monthly,2012-01-01,2026-02-01,170,3.0,0,0,0,,mean,cbbb_loans.csv,2012-01-01,2026-02-01
private_non_financial_corporations_in_national_currency_health_and_social_work,FLOA0031,private_non_financial_corporations_in_national_currency_health_and_social_work,,monthly,2012-01-01,2026-02-01,170,3.0,0,0,0,,mean,cbbb_loans.csv,2012-01-01,2026-02-01
private_non_financial_corporations_in_national_currency_hotels_and_restaurants,FLOA0021,private_non_financial_corporations_in_national_currency_hotels_and_restaurants,,monthly,2012-01-01,2026-02-01,170,3.0,0,0,0,,mean,cbbb_loans.csv,2012-01-01,2026-02-01
private_non_financial_corporations_in_national_currency_manufacturing,FLOA0024,private_non_financial_corporations_in_national_currency_manufacturing,,monthly,2012-01-01,2026-02-01,170,3.0,0,0,0,,mean,cbbb_loans.csv,2012-01-01,2026-02-01
private_non_financial_corporations_in_national_currency_mining_and_quarrying,FLOA0026,private_non_financial_corporations_in_national_currency_mining_and_quarrying,,monthly,2012-01-01,2026-02-01,170,3.0,0,0,0,,mean,cbbb_loans.csv,2012-01-01,2026-02-01
private_non_financial_corporations_in_national_currency_other,FLOA0033,private_non_financial_corporations_in_national_currency_other,,monthly,2012-01-01,2026-02-01,170,3.0,0,0,0,,mean,cbbb_loans.csv,2012-01-01,2026-02-01
private_non_financial_corporations_in_national_currency_real_estate_renting_and_other_business_activities,FLOA0029,private_non_financial_corporations_in_national_currency_real_estate_renting_and_other_business_activities,,monthly,2012-01-01,2026-02-01,170,3.0,0,0,0,,mean,cbbb_loans.csv,2012-01-01,2026-02-01
private_non_financial_corporations_in_national_currency_recreational_personal_and_community_work,FLOA0032,private_non_financial_corporations_in_national_currency_recreational_personal_and_community_work,,monthly,2012-01-01,2026-02-01,170,3.0,0,0,0,,mean,cbbb_loans.csv,2012-01-01,2026-02-01
private_non_financial_corporations_in_national_currency_total,FLOA0034,private_non_financial_corporations_in_national_currency_total,,monthly,2012-01-01,2026-02-01,170,3.0,0,0,0,,mean,cbbb_loans.csv,2012-01-01,2026-02-01
private_non_financial_corporations_in_national_currency_transport_storage_and_communication,FLOA0028,private_non_financial_corporations_in_national_currency_transport_storage_and_communication,,monthly,2012-01-01,2026-02-01,170,3.0,0,0,0,,mean,cbbb_loans.csv,2012-01-01,2026-02-01
private_non_financial_corporations_loans,FLOA0036,private_non_financial_corporations_loans,,monthly,2012-01-01,2026-02-01,170,3.0,0,0,0,,mean,cbbb_loans.csv,2012-01-01,2026-02-01
provisions_to_nonperforming_loans,FSOU0006,provisions_to_nonperforming_loans,,quarterly,2016-12-01,2025-12-01,37,5.0,0,0,0,,mean,cbbb_finsound.csv,2016-12-01,2025-12-01
reexp_antigua,TREX1001,reexp_antigua,,monthly,2002-01-01,2025-12-01,192,5.0,1,0,0,,sum,bb_tradein_g4a.csv,2002-01-01,2025-12-01
reexp_bahamas,TREX1002,reexp_bahamas,,monthly,2002-01-01,2025-12-01,192,5.0,1,0,0,,sum,bb_tradein_g4a.csv,2002-01-01,2025-12-01
reexp_belize,TREX1003,reexp_belize,,monthly,2002-01-01,2025-12-01,192,5.0,1,0,0,,sum,bb_tradein_g4a.csv,2002-01-01,2025-12-01
reexp_canada,TREX1004,reexp_canada,,monthly,2002-01-01,2025-12-01,192,5.0,1,0,0,,sum,bb_tradein_g4a.csv,2002-01-01,2025-12-01
reexp_capital_goods___other,TREX1005,reexp_capital_goods___other,,monthly,2002-01-01,2025-12-01,192,5.0,1,0,0,,sum,bb_tradein_g4b.csv,2002-01-01,2025-12-01
reexp_capital_goods__machinery,TREX1006,reexp_capital_goods__machinery,,monthly,2002-01-01,2025-12-01,192,5.0,1,0,0,,sum,bb_tradein_g4b.csv,2002-01-01,2025-12-01
reexp_capital_goods__total_capital,TREX1007,reexp_capital_goods__total_capital,,monthly,2002-01-01,2025-12-01,192,5.0,1,0,0,,sum,bb_tradein_g4b.csv,2002-01-01,2025-12-01
reexp_capital_goods__unclassified_goods,TREX1008,reexp_capital_goods__unclassified_goods,,monthly,2002-01-01,2025-12-01,192,5.0,1,0,0,,sum,bb_tradein_g4b.csv,2002-01-01,2025-12-01
reexp_consumer_goods_durable_motor_cars,TREX1009,reexp_consumer_goods_durable_motor_cars,,monthly,2002-01-01,2025-12-01,192,5.0,1,0,0,,sum,bb_tradein_g4b.csv,2002-01-01,2025-12-01
reexp_consumer_goods_durable_other,TREX1010,reexp_consumer_goods_durable_other,,monthly,2002-01-01,2025-12-01,192,5.0,1,0,0,,sum,bb_tradein_g4b.csv,2002-01-01,2025-12-01
reexp_consumer_goods_durable_other_manufactured_goods,TREX1011,reexp_consumer_goods_durable_other_manufactured_goods,,monthly,2002-01-01,2025-12-01,192,5.0,1,0,0,,sum,bb_tradein_g4b.csv,2002-01-01,2025-12-01
reexp_consumer_goods_durable_total_durable,TREX1012,reexp_consumer_goods_durable_total_durable,,monthly,2002-01-01,2025-12-01,192,5.0,1,0,0,,sum,bb_tradein_g4b.csv,2002-01-01,2025-12-01
reexp_consumer_goods_nondurable_food_and_beverages,TREX1013,reexp_consumer_goods_nondurable_food_and_beverages,,monthly,2002-01-01,2025-12-01,192,5.0,1,0,0,,sum,bb_tradein_g4b.csv,2002-01-01,2025-12-01
reexp_consumer_goods_nondurable_other,TREX1014,reexp_consumer_goods_nondurable_other,,monthly,2002-01-01,2025-12-01,192,5.0,1,0,0,,sum,bb_tradein_g4b.csv,2002-01-01,2025-12-01
reexp_consumer_goods_nondurable_total_nondurable,TREX1015,reexp_consumer_goods_nondurable_total_nondurable,,monthly,2002-01-01,2025-12-01,192,5.0,1,0,0,,sum,bb_tradein_g4b.csv,2002-01-01,2025-12-01
reexp_consumer_goods_total_consumer,TREX1016,reexp_consumer_goods_total_consumer,,monthly,2002-01-01,2025-12-01,192,5.0,1,0,0,,sum,bb_tradein_g4b.csv,2002-01-01,2025-12-01
reexp_dominica,TREX1017,reexp_dominica,,monthly,2002-01-01,2025-12-01,192,5.0,1,0,0,,sum,bb_tradein_g4a.csv,2002-01-01,2025-12-01
reexp_grenada,TREX1018,reexp_grenada,,monthly,2002-01-01,2025-12-01,192,5.0,1,0,0,,sum,bb_tradein_g4a.csv,2002-01-01,2025-12-01
reexp_guyana,TREX1019,reexp_guyana,,monthly,2002-01-01,2025-12-01,192,5.0,1,0,0,,sum,bb_tradein_g4a.csv,2002-01-01,2025-12-01
reexp_intermediate_goods__chemicals,TREX1020,reexp_intermediate_goods__chemicals,,monthly,2002-01-01,2025-12-01,192,5.0,1,0,0,,sum,bb_tradein_g4b.csv,2002-01-01,2025-12-01
reexp_intermediate_goods__construction_materials,TREX1021,reexp_intermediate_goods__construction_materials,,monthly,2002-01-01,2025-12-01,192,5.0,1,0,0,,sum,bb_tradein_g4b.csv,2002-01-01,2025-12-01
reexp_intermediate_goods__electrical_components,TREX1022,reexp_intermediate_goods__electrical_components,,monthly,2002-01-01,2025-12-01,192,5.0,1,0,0,,sum,bb_tradein_g4b.csv,2002-01-01,2025-12-01
reexp_intermediate_goods__feed_fat__crude_materials,TREX1023,reexp_intermediate_goods__feed_fat__crude_materials,,monthly,2002-01-01,2025-12-01,192,5.0,1,0,0,,sum,bb_tradein_g4b.csv,2002-01-01,2025-12-01
reexp_intermediate_goods__fuel,TREX1024,reexp_intermediate_goods__fuel,,monthly,2002-01-01,2025-12-01,192,5.0,1,0,0,,sum,bb_tradein_g4b.csv,2002-01-01,2025-12-01
reexp_intermediate_goods__other_manufactures,TREX1025,reexp_intermediate_goods__other_manufactures,,monthly,2002-01-01,2025-12-01,192,5.0,1,0,0,,sum,bb_tradein_g4b.csv,2002-01-01,2025-12-01
reexp_intermediate_goods__textiles,TREX1026,reexp_intermediate_goods__textiles,,monthly,2002-01-01,2025-12-01,192,5.0,1,0,0,,sum,bb_tradein_g4b.csv,2002-01-01,2025-12-01
reexp_intermediate_goods__total_intermediate,TREX1027,reexp_intermediate_goods__total_intermediate,,monthly,2002-01-01,2025-12-01,192,5.0,1,0,0,,sum,bb_tradein_g4b.csv,2002-01-01,2025-12-01
reexp_jamaica,TREX1028,reexp_jamaica,,monthly,2002-01-01,2025-12-01,192,5.0,1,0,0,,sum,bb_tradein_g4a.csv,2002-01-01,2025-12-01
reexp_japan,TREX1029,reexp_japan,,monthly,2002-01-01,2025-12-01,192,5.0,1,0,0,,sum,bb_tradein_g4a.csv,2002-01-01,2025-12-01
reexp_montserrat,TREX1030,reexp_montserrat,,monthly,2002-01-01,2025-12-01,192,5.0,1,0,0,,sum,bb_tradein_g4a.csv,2002-01-01,2025-12-01
reexp_selected,TREX1031,reexp_selected,,monthly,2002-01-01,2025-12-01,192,5.0,1,0,0,,sum,bb_tradein_g4a.csv,2002-01-01,2025-12-01
reexp_st_kitts,TREX1032,reexp_st_kitts,,monthly,2002-01-01,2025-12-01,192,5.0,1,0,0,,sum,bb_tradein_g4a.csv,2002-01-01,2025-12-01
reexp_st_lucia,TREX1033,reexp_st_lucia,,monthly,2002-01-01,2025-12-01,192,5.0,1,0,0,,sum,bb_tradein_g4a.csv,2002-01-01,2025-12-01
reexp_st_vincent,TREX1034,reexp_st_vincent,,monthly,2002-01-01,2025-12-01,192,5.0,1,0,0,,sum,bb_tradein_g4a.csv,2002-01-01,2025-12-01
reexp_total,TREX0000,reexp_total,,monthly,2002-01-01,2025-12-01,192,5.0,1,0,0,,sum,bb_tradein_g4b.csv,2002-01-01,2025-12-01
reexp_trinidad__tobago,TREX1036,reexp_trinidad__tobago,,monthly,2002-01-01,2025-12-01,192,5.0,1,0,0,,sum,bb_tradein_g4a.csv,2002-01-01,2025-12-01
reexp_uk,TREX1037,reexp_uk,,monthly,2002-01-01,2025-12-01,192,5.0,1,0,0,,sum,bb_tradein_g4a.csv,2002-01-01,2025-12-01
reexp_usa,TREX1038,reexp_usa,,monthly,2002-01-01,2025-12-01,192,5.0,1,0,0,,sum,bb_tradein_g4a.csv,2002-01-01,2025-12-01
reexp_venezuela,TREX1039,reexp_venezuela,,monthly,2002-01-01,2025-12-01,192,5.0,1,0,0,,sum,bb_tradein_g4a.csv,2002-01-01,2025-12-01
regulatory_capital_to_risk_weighted_assets,FSOU0000,regulatory_capital_to_risk_weighted_assets,,quarterly,2016-12-01,2025-12-01,37,5.0,0,0,0,,mean,cbbb_finsound.csv,2016-12-01,2025-12-01
reserve_liabilities_frn_reserves_banks_and_part_iii,MASS0014,reserve_liabilities_frn_reserves_banks_and_part_iii,,monthly,2007-01-01,2026-02-01,194,3.0,0,0,0,,mean,cbbb_monetary.csv,2007-01-01,2026-02-01
reserve_liabilities_other,MASS0017,reserve_liabilities_other,,monthly,2007-01-01,2026-02-01,194,3.0,0,0,0,,mean,cbbb_monetary.csv,2007-01-01,2026-02-01
reserve_liabilities_regional_bilateral_accounts_liabilities,MASS0016,reserve_liabilities_regional_bilateral_accounts_liabilities,,monthly,2007-01-01,2026-02-01,194,3.0,0,0,0,,mean,cbbb_monetary.csv,2007-01-01,2026-02-01
reserve_liabilities_use_of_fund_credit,MASS0015,reserve_liabilities_use_of_fund_credit,,monthly,2007-01-01,2026-02-01,194,3.0,0,0,0,,mean,cbbb_monetary.csv,2007-01-01,2026-02-01
return_on_assets,FSOU0007,return_on_assets,,quarterly,2016-12-01,2025-12-01,37,5.0,0,0,0,,mean,cbbb_finsound.csv,2016-12-01,2025-12-01
return_on_equity,FSOU0008,return_on_equity,,quarterly,2016-12-01,2025-12-01,37,5.0,0,0,0,,mean,cbbb_finsound.csv,2016-12-01,2025-12-01
stayover_15_21_days,RTOU1001,stayover_15_21_days,,monthly,2015-01-01,2025-11-01,128,6.0,0,0,0,,sum,bb_tour_stayover.csv,2015-01-01,2025-11-01
stayover_1_day,RTOU1002,stayover_1_day,,monthly,2015-01-01,2025-11-01,128,6.0,0,0,0,,sum,bb_tour_stayover.csv,2015-01-01,2025-11-01
stayover_22_28_days,RTOU1003,stayover_22_28_days,,monthly,2015-01-01,2025-11-01,128,6.0,0,0,0,,sum,bb_tour_stayover.csv,2015-01-01,2025-11-01
stayover_29_182_days,RTOU1004,stayover_29_182_days,,monthly,2015-01-01,2025-11-01,128,6.0,0,0,0,,sum,bb_tour_stayover.csv,2015-01-01,2025-11-01
stayover_2_3_days,RTOU1005,stayover_2_3_days,,monthly,2015-01-01,2025-11-01,128,6.0,0,0,0,,sum,bb_tour_stayover.csv,2015-01-01,2025-11-01
stayover_4_7_days,RTOU1006,stayover_4_7_days,,monthly,2015-01-01,2025-11-01,128,6.0,0,0,0,,sum,bb_tour_stayover.csv,2015-01-01,2025-11-01
stayover_8_14_days,RTOU1007,stayover_8_14_days,,monthly,2015-01-01,2025-11-01,128,6.0,0,0,0,,sum,bb_tour_stayover.csv,2015-01-01,2025-11-01
stayover_total,RTOU1000,stayover_total,,monthly,2010-01-01,2025-12-01,192,5.0,0,0,0,,sum,bb_tour_stayover.csv,2010-01-01,2025-12-01
tax_revenue_direct_taxes_banks_and_other_asset_tax,FTAX0009,tax_revenue_direct_taxes_banks_and_other_asset_tax,,quarterly,1995-03-01,2025-09-01,63,8.0,0,0,0,,mean,cbbb_fiscal.csv,1995-03-01,2025-09-01
tax_revenue_direct_taxes_corporate,FTAX0004,tax_revenue_direct_taxes_corporate,,quarterly,1995-03-01,2025-09-01,63,8.0,0,0,0,,mean,cbbb_fiscal.csv,1995-03-01,2025-09-01
tax_revenue_direct_taxes_levies,FTAX0005,tax_revenue_direct_taxes_levies,,quarterly,1995-03-01,2024-12-01,60,17.0,0,0,0,,mean,cbbb_fiscal.csv,1995-03-01,2024-12-01
tax_revenue_direct_taxes_municipal_solid_waste,FTAX0008,tax_revenue_direct_taxes_municipal_solid_waste,,quarterly,1995-03-01,2024-12-01,60,17.0,0,0,0,,mean,cbbb_fiscal.csv,1995-03-01,2024-12-01
tax_revenue_direct_taxes_other,FTAX0010,tax_revenue_direct_taxes_other,,quarterly,1995-03-01,2024-12-01,60,17.0,0,0,0,,mean,cbbb_fiscal.csv,1995-03-01,2024-12-01
tax_revenue_direct_taxes_personal,FTAX0003,tax_revenue_direct_taxes_personal,,quarterly,1995-03-01,2025-09-01,63,8.0,0,0,0,,mean,cbbb_fiscal.csv,1995-03-01,2025-09-01
tax_revenue_direct_taxes_property,FTAX0007,tax_revenue_direct_taxes_property,,quarterly,1995-03-01,2025-09-01,63,8.0,0,0,0,,mean,cbbb_fiscal.csv,1995-03-01,2025-09-01
tax_revenue_direct_taxes_stabilisation_consolidation,FTAX0006,tax_revenue_direct_taxes_stabilisation_consolidation,,quarterly,1995-03-01,2024-12-01,60,17.0,0,0,0,,mean,cbbb_fiscal.csv,1995-03-01,2024-12-01
tax_revenue_direct_taxes_total_direct_taxes,FTAX0023,tax_revenue_direct_taxes_total_direct_taxes,,quarterly,1995-03-01,2024-12-01,60,17.0,0,0,0,,mean,cbbb_fiscal.csv,1995-03-01,2024-12-01
tax_revenue_indirect_taxes_consumption,FTAX0011,tax_revenue_indirect_taxes_consumption,,quarterly,1995-03-01,2025-09-01,63,8.0,0,0,0,,mean,cbbb_fiscal.csv,1995-03-01,2025-09-01
tax_revenue_indirect_taxes_excises,FTAX0014,tax_revenue_indirect_taxes_excises,,quarterly,1995-03-01,2025-09-01,63,8.0,0,0,0,,mean,cbbb_fiscal.csv,1995-03-01,2025-09-01
tax_revenue_indirect_taxes_hotel_restaurant,FTAX0016,tax_revenue_indirect_taxes_hotel_restaurant,,quarterly,1995-03-01,2025-09-01,63,8.0,0,0,0,,mean,cbbb_fiscal.csv,1995-03-01,2025-09-01
tax_revenue_indirect_taxes_import_duties,FTAX0015,tax_revenue_indirect_taxes_import_duties,,quarterly,1995-03-01,2025-09-01,63,8.0,0,0,0,,mean,cbbb_fiscal.csv,1995-03-01,2025-09-01
tax_revenue_indirect_taxes_other,FTAX0018,tax_revenue_indirect_taxes_other,,quarterly,1995-03-01,2024-12-01,60,17.0,0,0,0,,mean,cbbb_fiscal.csv,1995-03-01,2024-12-01
tax_revenue_indirect_taxes_social_responsibility_levy,FTAX0017,tax_revenue_indirect_taxes_social_responsibility_levy,,quarterly,1995-03-01,2025-09-01,63,8.0,0,0,0,,mean,cbbb_fiscal.csv,1995-03-01,2025-09-01
tax_revenue_indirect_taxes_stamp,FTAX0012,tax_revenue_indirect_taxes_stamp,,quarterly,1995-03-01,2025-09-01,63,8.0,0,0,0,,mean,cbbb_fiscal.csv,1995-03-01,2025-09-01
tax_revenue_indirect_taxes_total_indirect_taxes,FTAX0024,tax_revenue_indirect_taxes_total_indirect_taxes,,quarterly,1995-03-01,2024-12-01,60,17.0,1,0,0,,mean,cbbb_fiscal.csv,1995-03-01,2024-12-01
tax_revenue_indirect_taxes_vat,FTAX0013,tax_revenue_indirect_taxes_vat,,quarterly,1995-03-01,2025-09-01,63,8.0,0,0,0,,mean,cbbb_fiscal.csv,1995-03-01,2025-09-01
tier__capital_to_assets,FSOU0003,tier__capital_to_assets,,quarterly,2016-12-01,2025-12-01,37,5.0,0,0,0,,mean,cbbb_finsound.csv,2016-12-01,2025-12-01
tier__capital_to_risk_weighted_assets,FSOU0001,tier__capital_to_risk_weighted_assets,,quarterly,2016-12-01,2025-12-01,37,5.0,0,0,0,,mean,cbbb_finsound.csv,2016-12-01,2025-12-01
total cruise arrivals,RTOU0000,total cruise arrivals,,monthly,2010-01-01,2025-12-01,192,5.0,0,0,0,,sum,bb_tour_cruise.csv,2010-01-01,2025-12-01
total_expenditure_net_lending,FEXP0000,total_expenditure_net_lending,,quarterly,1995-03-01,2025-09-01,63,8.0,0,0,0,,mean,cbbb_fiscal.csv,1995-03-01,2025-09-01
total_foreign_currency_loans,FLOA0049,total_foreign_currency_loans,,monthly,2012-01-01,2026-02-01,170,3.0,0,0,0,,mean,cbbb_loans.csv,2012-01-01,2026-02-01
total_loans,FLOA0050,total_loans,,monthly,2012-01-01,2026-02-01,170,3.0,0,0,0,,mean,cbbb_loans.csv,2012-01-01,2026-02-01
total_money_holders,FLOA0002,total_money_holders,,monthly,2012-01-01,2026-02-01,170,3.0,0,0,0,,mean,cbbb_loans.csv,2012-01-01,2026-02-01
total_money_holders.1,FLOA0005,total_money_holders.1,,monthly,2012-01-01,2026-02-01,170,3.0,0,0,0,,mean,cbbb_loans.csv,2012-01-01,2026-02-01
total_money_holders.2,FLOA0006,total_money_holders.2,,monthly,2012-01-01,2026-02-01,170,3.0,0,0,0,,mean,cbbb_loans.csv,2012-01-01,2026-02-01
total_money_issuers,FLOA0000,total_money_issuers,,monthly,2012-01-01,2026-02-01,170,3.0,0,0,0,,mean,cbbb_loans.csv,2012-01-01,2026-02-01
total_money_issuers.1,FLOA0003,total_money_issuers.1,,monthly,2012-01-01,2026-02-01,170,3.0,0,0,0,,mean,cbbb_loans.csv,2012-01-01,2026-02-01
total_money_neutral,FLOA0001,total_money_neutral,,monthly,2012-01-01,2026-02-01,170,3.0,0,0,0,,mean,cbbb_loans.csv,2012-01-01,2026-02-01
total_money_neutral.1,FLOA0004,total_money_neutral.1,,monthly,2012-01-01,2026-02-01,170,3.0,0,0,0,,mean,cbbb_loans.csv,2012-01-01,2026-02-01
total_national_currency_loans,FLOA0048,total_national_currency_loans,,monthly,2012-01-01,2026-02-01,170,3.0,0,0,0,,mean,cbbb_loans.csv,2012-01-01,2026-02-01
total_revenue_grants,FGRA0001,total_revenue_grants,,quarterly,1995-03-01,2024-12-01,60,17.0,0,0,0,,sum,cbbb_fiscal.csv,1995-03-01,2024-12-01
total_revenues_grants,FGRA0002,total_revenues_grants,,quarterly,1995-03-01,2024-12-01,60,17.0,0,0,0,,sum,cbbb_fiscal.csv,1995-03-01,2024-12-01
totexp_antigua,TEXP1001,totexp_antigua,,monthly,2002-01-01,2025-12-01,192,5.0,1,0,0,,sum,bb_tradein_g1a.csv,2002-01-01,2025-12-01
totexp_bahamas,TEXP1002,totexp_bahamas,,monthly,2002-01-01,2025-12-01,192,5.0,1,0,0,,sum,bb_tradein_g1a.csv,2002-01-01,2025-12-01
totexp_belize,TEXP1003,totexp_belize,,monthly,2002-01-01,2025-12-01,192,5.0,1,0,0,,sum,bb_tradein_g1a.csv,2002-01-01,2025-12-01
totexp_canada,TEXP1004,totexp_canada,,monthly,2002-01-01,2025-12-01,192,5.0,1,0,0,,sum,bb_tradein_g1a.csv,2002-01-01,2025-12-01
totexp_dominica,TEXP1005,totexp_dominica,,monthly,2002-01-01,2025-12-01,192,5.0,1,0,0,,sum,bb_tradein_g1a.csv,2002-01-01,2025-12-01
totexp_grenada,TEXP1006,totexp_grenada,,monthly,2002-01-01,2025-12-01,192,5.0,1,0,0,,sum,bb_tradein_g1a.csv,2002-01-01,2025-12-01
totexp_guyana,TEXP1007,totexp_guyana,,monthly,2002-01-01,2025-12-01,192,5.0,1,0,0,,sum,bb_tradein_g1a.csv,2002-01-01,2025-12-01
totexp_jamaica,TEXP1008,totexp_jamaica,,monthly,2002-01-01,2025-12-01,192,5.0,1,0,0,,sum,bb_tradein_g1a.csv,2002-01-01,2025-12-01
totexp_japan,TEXP1009,totexp_japan,,monthly,2002-01-01,2025-12-01,192,5.0,1,0,0,,sum,bb_tradein_g1a.csv,2002-01-01,2025-12-01
totexp_montserrat,TEXP1010,totexp_montserrat,,monthly,2002-01-01,2025-12-01,192,5.0,1,0,0,,sum,bb_tradein_g1a.csv,2002-01-01,2025-12-01
totexp_st_kitts,TEXP1011,totexp_st_kitts,,monthly,2002-01-01,2025-12-01,192,5.0,1,0,0,,sum,bb_tradein_g1a.csv,2002-01-01,2025-12-01
totexp_st_lucia,TEXP1012,totexp_st_lucia,,monthly,2002-01-01,2025-12-01,192,5.0,1,0,0,,sum,bb_tradein_g1a.csv,2002-01-01,2025-12-01
totexp_st_vincent,TEXP1013,totexp_st_vincent,,monthly,2002-01-01,2025-12-01,192,5.0,1,0,0,,sum,bb_tradein_g1a.csv,2002-01-01,2025-12-01
totexp_total,TEXP0000,totexp_total,,monthly,2002-01-01,2025-12-01,192,5.0,1,0,0,,sum,bb_tradein_g1a.csv,2002-01-01,2025-12-01
totexp_trinidad__tobago,TEXP1014,totexp_trinidad__tobago,,monthly,2002-01-01,2025-12-01,192,5.0,1,0,0,,sum,bb_tradein_g1a.csv,2002-01-01,2025-12-01
totexp_uk,TEXP1015,totexp_uk,,monthly,2002-01-01,2025-12-01,192,5.0,1,0,0,,sum,bb_tradein_g1a.csv,2002-01-01,2025-12-01
totexp_usa,TEXP1016,totexp_usa,,monthly,2002-01-01,2025-12-01,192,5.0,1,0,0,,sum,bb_tradein_g1a.csv,2002-01-01,2025-12-01
totexp_venezuela,TEXP1017,totexp_venezuela,,monthly,2002-01-01,2025-12-01,192,5.0,1,0,0,,sum,bb_tradein_g1a.csv,2002-01-01,2025-12-01
treasury_bill_rate_barbados,FDEP0014,treasury_bill_rate_barbados,,monthly,1989-01-01,2026-03-01,195,2.0,0,0,0,,mean,cbbb_interest.csv,1989-01-01,2026-03-01
treasury_bill_rate_canada,FDEP0022,treasury_bill_rate_canada,,monthly,1990-01-01,2026-03-01,195,2.0,0,0,0,,mean,cbbb_interest.csv,1990-01-01,2026-03-01
treasury_bill_rate_guyana,FDEP0016,treasury_bill_rate_guyana,,monthly,1990-01-01,2026-02-01,194,3.0,0,0,0,,mean,cbbb_interest.csv,1990-01-01,2026-02-01
treasury_bill_rate_jamaica,FDEP0018,treasury_bill_rate_jamaica,,monthly,1990-01-01,2026-03-01,195,2.0,0,0,0,,mean,cbbb_interest.csv,1990-01-01,2026-03-01
treasury_bill_rate_trinidad_tobago,FDEP0020,treasury_bill_rate_trinidad_tobago,,monthly,1990-01-01,2020-10-01,127,67.0,0,0,0,,mean,cbbb_interest.csv,1990-01-01,2020-10-01
treasury_bill_rate_uk,FDEP0024,treasury_bill_rate_uk,,monthly,1990-01-01,2026-03-01,190,2.0,0,0,0,,mean,cbbb_interest.csv,1990-01-01,2026-03-01
treasury_bill_rate_usa,FDEP0026,treasury_bill_rate_usa,,monthly,1990-01-01,2026-03-01,195,2.0,0,0,0,,mean,cbbb_interest.csv,1990-01-01,2026-03-01
unemployed,RUNE0000,unemployed,,monthly,,,0,,0,0,0,,mean,,,
unemployed_female,RUNE0002,unemployed_female,,monthly,,,0,,0,0,0,,mean,,,
unemployed_male,RUNE0001,unemployed_male,,monthly,,,0,,0,0,0,,mean,,,
