date,gtrends_disney_world_bs,gtrends_bahamas_flights_us,gtrends_bahamas_cruise_us
2004-01-01,,29,52
2004-02-01,,31,44
2004-03-01,,19,40
2004-04-01,,21,38
2004-05-01,,20,40
2004-06-01,,25,40
2004-07-01,,17,45
2004-08-01,,17,38
2004-09-01,,11,27
2004-10-01,,14,18
2004-11-01,,17,25
2004-12-01,,19,31
2005-01-01,,34,43
2005-02-01,,34,43
2005-03-01,,23,42
2005-04-01,,15,36
2005-05-01,,25,34
2005-06-01,,24,37
2005-07-01,,21,30
2005-08-01,,13,23
2005-09-01,,16,23
2005-10-01,,17,24
2005-11-01,,17,23
2005-12-01,,16,31
2006-01-01,,34,46
2006-02-01,,35,38
2006-03-01,,25,36
2006-04-01,,26,30
2006-05-01,,21,29
2006-06-01,,17,33
2006-07-01,,22,32
2006-08-01,,20,25
2006-09-01,,18,21
2006-10-01,,18,23
2006-11-01,,24,27
2006-12-01,,24,27
2007-01-01,,32,43
2007-02-01,,30,38
2007-03-01,,28,40
2007-04-01,100.0,27,35
2007-05-01,,24,37
2007-06-01,,20,37
2007-07-01,74.0,24,40
2007-08-01,,19,31
2007-09-01,,19,25
2007-10-01,,18,26
2007-11-01,,21,28
2007-12-01,,23,32
2008-01-01,,35,44
2008-02-01,,28,43
2008-03-01,,32,40
2008-04-01,,24,34
2008-05-01,,24,36
2008-06-01,,22,41
2008-07-01,,22,40
2008-08-01,,20,33
2008-09-01,,16,31
2008-10-01,,19,30
2008-11-01,,24,34
2008-12-01,,24,41
2009-01-01,,39,62
2009-02-01,,36,57
2009-03-01,,34,60
2009-04-01,,31,55
2009-05-01,,27,58
2009-06-01,48.0,30,57
2009-07-01,,30,58
2009-08-01,,27,53
2009-09-01,,25,48
2009-10-01,,29,49
2009-11-01,,28,50
2009-12-01,,29,57
2010-01-01,,49,83
2010-02-01,,44,76
2010-03-01,,39,72
2010-04-01,,33,67
2010-05-01,,36,67
2010-06-01,,36,68
2010-07-01,,28,66
2010-08-01,,25,58
2010-09-01,,20,46
2010-10-01,,22,48
2010-11-01,,24,44
2010-12-01,,25,46
2011-01-01,,48,87
2011-02-01,,47,83
2011-03-01,25.0,36,74
2011-04-01,29.0,29,65
2011-05-01,34.0,31,66
2011-06-01,37.0,37,72
2011-07-01,35.0,41,73
2011-08-01,,30,63
2011-09-01,,27,53
2011-10-01,29.0,30,52
2011-11-01,,26,55
2011-12-01,,27,60
2012-01-01,,47,88
2012-02-01,34.0,42,74
2012-03-01,,38,69
2012-04-01,32.0,30,64
2012-05-01,,31,68
2012-06-01,28.0,35,66
2012-07-01,34.0,35,70
2012-08-01,25.0,28,61
2012-09-01,,22,50
2012-10-01,,25,50
2012-11-01,,24,48
2012-12-01,,27,60
2013-01-01,20.0,47,90
2013-02-01,20.0,40,82
2013-03-01,18.0,40,60
2013-04-01,17.0,30,56
2013-05-01,18.0,34,56
2013-06-01,20.0,36,59
2013-07-01,21.0,35,66
2013-08-01,29.0,29,58
2013-09-01,15.0,25,48
2013-10-01,15.0,25,53
2013-11-01,16.0,29,49
2013-12-01,,29,55
2014-01-01,21.0,54,78
2014-02-01,15.0,42,68
2014-03-01,14.0,40,66
2014-04-01,29.0,34,59
2014-05-01,28.0,35,66
2014-06-01,14.0,36,66
2014-07-01,32.0,40,66
2014-08-01,28.0,31,57
2014-09-01,25.0,29,48
2014-10-01,11.0,25,47
2014-11-01,,30,54
2014-12-01,,34,52
2015-01-01,18.0,54,82
2015-02-01,15.0,47,78
2015-03-01,24.0,43,76
2015-04-01,33.0,37,68
2015-05-01,16.0,38,67
2015-06-01,19.0,40,69
2015-07-01,18.0,41,73
2015-08-01,22.0,39,63
2015-09-01,17.0,33,53
2015-10-01,,34,54
2015-11-01,,31,52
2015-12-01,16.0,40,57
2016-01-01,19.0,63,87
2016-02-01,15.0,58,81
2016-03-01,20.0,53,74
2016-04-01,17.0,45,63
2016-05-01,20.0,49,67
2016-06-01,37.0,49,69
2016-07-01,22.0,55,70
2016-08-01,18.0,46,61
2016-09-01,12.0,37,54
2016-10-01,15.0,38,49
2016-11-01,10.0,40,50
2016-12-01,16.0,48,58
2017-01-01,19.0,73,100
2017-02-01,17.0,63,86
2017-03-01,16.0,64,90
2017-04-01,13.0,53,68
2017-05-01,12.0,54,77
2017-06-01,28.0,59,82
2017-07-01,30.0,61,78
2017-08-01,18.0,49,58
2017-09-01,23.0,35,44
2017-10-01,12.0,36,40
2017-11-01,12.0,44,45
2017-12-01,16.0,54,54
2018-01-01,19.0,82,87
2018-02-01,10.0,78,86
2018-03-01,21.0,76,87
2018-04-01,14.0,64,75
2018-05-01,15.0,63,70
2018-06-01,19.0,70,79
2018-07-01,26.0,79,91
2018-08-01,15.0,67,70
2018-09-01,13.0,51,62
2018-10-01,16.0,54,53
2018-11-01,13.0,63,51
2018-12-01,12.0,70,60
2019-01-01,23.0,97,100
2019-02-01,12.0,86,94
2019-03-01,10.0,83,90
2019-04-01,13.0,69,74
2019-05-01,12.0,69,76
2019-06-01,17.0,77,88
2019-07-01,26.0,70,85
2019-08-01,23.0,63,66
2019-09-01,,56,84
2019-10-01,10.0,42,43
2019-11-01,9.0,50,50
2019-12-01,12.0,59,62
2020-01-01,20.0,85,93
2020-02-01,11.0,71,72
2020-03-01,17.0,97,43
2020-04-01,8.0,25,12
2020-05-01,9.0,27,14
2020-06-01,8.0,39,15
2020-07-01,7.0,32,13
2020-08-01,,23,11
2020-09-01,7.0,22,11
2020-10-01,,24,11
2020-11-01,,20,10
2020-12-01,,27,9
2021-01-01,,43,14
2021-02-01,7.0,44,15
2021-03-01,,66,19
2021-04-01,7.0,60,19
2021-05-01,11.0,67,22
2021-06-01,11.0,72,29
2021-07-01,20.0,68,32
2021-08-01,13.0,45,25
2021-09-01,12.0,40,21
2021-10-01,,42,28
2021-11-01,6.0,53,32
2021-12-01,10.0,51,32
2022-01-01,,85,40
2022-02-01,12.0,92,100
2022-03-01,15.0,84,61
2022-04-01,14.0,73,57
2022-05-01,13.0,74,52
2022-06-01,23.0,80,60
2022-07-01,23.0,76,63
2022-08-01,16.0,67,58
2022-09-01,17.0,57,54
2022-10-01,12.0,52,47
2022-11-01,11.0,66,54
2022-12-01,15.0,78,67
2023-01-01,16.0,100,96
2023-02-01,18.0,90,85
2023-03-01,17.0,81,84
2023-04-01,12.0,81,75
2023-05-01,13.0,75,76
2023-06-01,23.0,76,82
2023-07-01,25.0,70,68
2023-08-01,26.0,60,53
2023-09-01,9.0,51,47
2023-10-01,19.0,53,48
2023-11-01,15.0,62,54
2023-12-01,17.0,76,88
2024-01-01,11.0,90,88
2024-02-01,13.0,73,69
2024-03-01,21.0,69,65
2024-04-01,12.0,64,55
2024-05-01,16.0,62,52
2024-06-01,20.0,65,60
2024-07-01,19.0,58,57
2024-08-01,21.0,55,49
2024-09-01,9.0,49,48
2024-10-01,15.0,47,44
2024-11-01,14.0,54,47
2024-12-01,16.0,68,58
2025-01-01,13.0,86,80
2025-02-01,18.0,78,68
2025-03-01,11.0,70,68
2025-04-01,22.0,59,55
2025-05-01,27.0,64,51
2025-06-01,16.0,65,58
2025-07-01,15.0,74,67
2025-08-01,16.0,54,52
2025-09-01,11.0,47,42
2025-10-01,20.0,49,51
2025-11-01,20.0,56,56
2025-12-01,21.0,72,73
2026-01-01,27.0,93,94
2026-02-01,17.0,85,83
2026-03-01,25.0,87,91
2026-04-01,23.0,67,69
2026-05-01,18.0,84,59
2026-06-01,24.0,75,66
2026-07-01,33.0,72,64
2026-08-01,25.0,62,65
